,created_at,creator,id,mentioned
738,2018-07-02 22:33:15,@26p4i,798.0,@u2m9a
739,2018-07-02 22:33:15,@26p4i,798.0,@58x4r
740,2018-07-02 22:33:15,@0yyjn,799.0,@9bvyy
741,2018-07-02 22:33:15,@fpg7q,800.0,@hrh6u
742,2018-07-02 22:33:15,@fpg7q,800.0,@u2m9a
743,2018-07-02 22:33:15,@fpg7q,800.0,@bp0nk
744,2018-07-02 22:33:15,@9bvyy,802.0,@26p4i
745,2018-07-02 22:33:15,@9bvyy,802.0,@6qqfz
746,2018-07-02 22:33:15,@9bvyy,802.0,@rsniw
747,2018-07-02 22:33:15,@9bvyy,802.0,@lcn7z
748,2018-07-02 22:33:15,@9bvyy,802.0,@8vwn1
749,2018-07-02 22:33:15,@9bvyy,802.0,@61bfq
750,2018-07-02 22:33:15,@9bvyy,802.0,@58x4r
751,2018-07-02 22:33:15,@0yyjn,803.0,@9bvyy
752,2018-07-02 22:33:15,@0yyjn,803.0,@99sm4
753,2018-07-02 22:33:15,@6qqfz,805.0,@9bvyy
754,2018-07-02 22:33:15,@6qqfz,805.0,@26p4i
755,2018-07-02 22:33:15,@6qqfz,805.0,@8vwn1
756,2018-07-02 22:33:15,@6qqfz,805.0,@99sm4
757,2018-07-02 22:33:15,@6qqfz,805.0,@7113b
758,2018-07-02 22:33:15,@6qqfz,805.0,@5syh9
759,2018-07-02 22:33:15,@58x4r,807.0,@eg64d
760,2018-07-02 22:33:15,@58x4r,807.0,@rsniw
761,2018-07-02 22:33:15,@0yyjn,808.0,@9bvyy
762,2018-07-02 22:33:15,@0yyjn,808.0,@99sm4
763,2018-07-02 22:33:15,@0yyjn,808.0,@9vkyy
764,2018-07-02 22:33:15,@2s7bb,809.0,@0yyjn
765,2018-07-02 22:33:15,@2s7bb,809.0,@cfw1r
766,2018-07-02 22:33:15,@9vkyy,810.0,@rsniw
767,2018-07-02 22:33:15,@9vkyy,810.0,@hrh6u
768,2018-07-02 22:33:15,@9vkyy,810.0,@8vwn1
769,2018-07-02 22:33:15,@9vkyy,810.0,@99sm4
770,2018-07-02 22:33:15,@9vkyy,810.0,@cfw1r
771,2018-07-02 22:33:15,@26p4i,811.0,@0yyjn
772,2018-07-02 22:33:15,@26p4i,811.0,@u2m9a
773,2018-07-02 22:33:15,@7113b,812.0,@5syh9
774,2018-07-02 22:33:15,@7113b,812.0,@58x4r
775,2018-07-02 22:33:15,@6qqfz,813.0,@lcn7z
776,2018-07-02 22:33:15,@6qqfz,813.0,@99sm4
777,2018-07-02 22:33:15,@6qqfz,813.0,@26p4i
778,2018-07-02 22:33:15,@6qqfz,813.0,@9bvyy
779,2018-07-02 22:33:15,@8vwn1,814.0,@0yyjn
780,2018-07-02 22:33:15,@8vwn1,814.0,@9vkyy
781,2018-07-02 22:33:15,@8vwn1,814.0,@fpg7q
782,2018-07-02 22:33:15,@8vwn1,814.0,@99sm4
783,2018-07-02 22:33:15,@99sm4,815.0,@5syh9
784,2018-07-02 22:33:15,@99sm4,815.0,@58x4r
785,2018-07-02 22:33:15,@99sm4,815.0,@hrh6u
786,2018-07-02 22:33:15,@lcn7z,816.0,@9vkyy
787,2018-07-02 22:33:15,@lcn7z,816.0,@6qqfz
788,2018-07-02 22:33:15,@lcn7z,816.0,@bp0nk
789,2018-07-02 22:33:15,@lcn7z,816.0,@2s7bb
790,2018-07-02 22:33:15,@u2m9a,817.0,@cfw1r
791,2018-07-02 22:33:15,@u2m9a,817.0,@fpg7q
792,2018-07-02 22:33:15,@u2m9a,817.0,@6qqfz
793,2018-07-02 22:33:15,@u2m9a,817.0,@5syh9
794,2018-07-02 22:33:15,@lcn7z,818.0,@bp0nk
795,2018-07-02 22:33:15,@lcn7z,818.0,@9vkyy
796,2018-07-02 22:33:15,@fpg7q,819.0,@bp0nk
797,2018-07-02 22:33:15,@fpg7q,819.0,@hrh6u
798,2018-07-02 22:33:15,@fpg7q,819.0,@u2m9a
799,2018-07-02 22:33:15,@26p4i,820.0,@u2m9a
800,2018-07-02 22:33:15,@26p4i,820.0,@58x4r
801,2018-07-02 22:33:15,@5syh9,821.0,@7113b
802,2018-07-02 22:33:15,@6qqfz,823.0,@lcn7z
803,2018-07-02 22:33:15,@6qqfz,823.0,@99sm4
804,2018-07-02 22:33:15,@6qqfz,823.0,@5syh9
805,2018-07-02 22:33:15,@6qqfz,823.0,@26p4i
806,2018-07-02 22:33:15,@99sm4,824.0,@5syh9
807,2018-07-02 22:33:15,@99sm4,824.0,@58x4r
808,2018-07-02 22:33:15,@6qqfz,825.0,@9bvyy
809,2018-07-02 22:33:15,@6qqfz,825.0,@7113b
810,2018-07-02 22:33:15,@6qqfz,825.0,@26p4i
811,2018-07-02 22:33:15,@6qqfz,825.0,@5syh9
812,2018-07-02 22:33:15,@6qqfz,825.0,@8vwn1
813,2018-07-02 22:33:15,@6qqfz,825.0,@lcn7z
814,2018-07-02 22:33:15,@hrh6u,826.0,@u2m9a
815,2018-07-02 22:33:15,@eg64d,827.0,@2s7bb
816,2018-07-02 22:33:15,@eg64d,827.0,@9bvyy
817,2018-07-02 22:33:15,@eg64d,827.0,@58x4r
818,2018-07-03 22:33:15,@5syh9,828.0,@7113b
819,2018-07-03 22:33:15,@99sm4,829.0,@58x4r
820,2018-07-03 22:33:15,@99sm4,829.0,@hrh6u
821,2018-07-03 22:33:15,@lcn7z,830.0,@2s7bb
822,2018-07-03 22:33:15,@lcn7z,830.0,@6qqfz
823,2018-07-03 22:33:15,@lcn7z,830.0,@9vkyy
824,2018-07-03 22:33:15,@61bfq,832.0,@hrh6u
825,2018-07-03 22:33:15,@61bfq,832.0,@5syh9
826,2018-07-03 22:33:15,@u2m9a,833.0,@5syh9
827,2018-07-03 22:33:15,@u2m9a,833.0,@cfw1r
828,2018-07-03 22:33:15,@u2m9a,833.0,@6qqfz
829,2018-07-03 22:33:15,@u2m9a,833.0,@fpg7q
830,2018-07-03 22:33:15,@8vwn1,835.0,@99sm4
831,2018-07-03 22:33:15,@8vwn1,835.0,@9vkyy
832,2018-07-03 22:33:15,@cfw1r,836.0,@u2m9a
833,2018-07-03 22:33:15,@cfw1r,836.0,@0yyjn
834,2018-07-03 22:33:15,@cfw1r,836.0,@61bfq
835,2018-07-03 22:33:15,@cfw1r,836.0,@bp0nk
836,2018-07-03 22:33:15,@cfw1r,836.0,@99sm4
837,2018-07-03 22:33:15,@cfw1r,836.0,@9vkyy
838,2018-07-03 22:33:15,@hrh6u,837.0,@eg64d
839,2018-07-03 22:33:15,@9vkyy,838.0,@rsniw
840,2018-07-03 22:33:15,@9vkyy,838.0,@8vwn1
841,2018-07-03 22:33:15,@9vkyy,838.0,@99sm4
842,2018-07-03 22:33:15,@9vkyy,838.0,@2s7bb
843,2018-07-03 22:33:15,@9bvyy,839.0,@26p4i
844,2018-07-03 22:33:15,@9bvyy,839.0,@rsniw
845,2018-07-03 22:33:15,@9bvyy,839.0,@6qqfz
846,2018-07-03 22:33:15,@9bvyy,839.0,@8vwn1
847,2018-07-03 22:33:15,@9bvyy,839.0,@lcn7z
848,2018-07-03 22:33:15,@2s7bb,840.0,@0yyjn
849,2018-07-03 22:33:15,@99sm4,841.0,@5syh9
850,2018-07-03 22:33:15,@99sm4,841.0,@58x4r
851,2018-07-03 22:33:15,@fpg7q,842.0,@bp0nk
852,2018-07-03 22:33:15,@fpg7q,842.0,@hrh6u
853,2018-07-03 22:33:15,@fpg7q,842.0,@u2m9a
854,2018-07-03 22:33:15,@2s7bb,845.0,@cfw1r
855,2018-07-03 22:33:15,@26p4i,846.0,@58x4r
856,2018-07-03 22:33:15,@26p4i,846.0,@u2m9a
857,2018-07-03 22:33:15,@fpg7q,847.0,@hrh6u
858,2018-07-03 22:33:15,@cfw1r,848.0,@0yyjn
859,2018-07-03 22:33:15,@99sm4,849.0,@58x4r
860,2018-07-03 22:33:15,@99sm4,849.0,@hrh6u
861,2018-07-03 22:33:15,@9vkyy,850.0,@cfw1r
862,2018-07-03 22:33:15,@9vkyy,850.0,@8vwn1
863,2018-07-03 22:33:15,@rsniw,851.0,@2s7bb
864,2018-07-03 22:33:15,@6qqfz,854.0,@9bvyy
865,2018-07-03 22:33:15,@6qqfz,854.0,@7113b
866,2018-07-03 22:33:15,@6qqfz,854.0,@26p4i
867,2018-07-03 22:33:15,@6qqfz,854.0,@99sm4
868,2018-07-03 22:33:15,@6qqfz,854.0,@lcn7z
869,2018-07-03 22:33:15,@6qqfz,854.0,@5syh9
870,2018-07-03 22:33:15,@6qqfz,854.0,@8vwn1
871,2018-07-03 22:33:15,@bp0nk,855.0,@u2m9a
872,2018-07-03 22:33:15,@bp0nk,855.0,@99sm4
873,2018-07-03 22:33:15,@bp0nk,856.0,@u2m9a
874,2018-07-03 22:33:15,@bp0nk,856.0,@99sm4
875,2018-07-03 22:33:15,@0yyjn,857.0,@9vkyy
876,2018-07-03 22:33:15,@0yyjn,857.0,@99sm4
877,2018-07-03 22:33:15,@0yyjn,857.0,@9bvyy
878,2018-07-04 22:33:15,@9bvyy,859.0,@8vwn1
879,2018-07-04 22:33:15,@9bvyy,859.0,@6qqfz
880,2018-07-04 22:33:15,@9bvyy,859.0,@rsniw
881,2018-07-04 22:33:15,@lcn7z,860.0,@2s7bb
882,2018-07-04 22:33:15,@lcn7z,860.0,@bp0nk
883,2018-07-04 22:33:15,@9bvyy,861.0,@8vwn1
884,2018-07-04 22:33:15,@9bvyy,861.0,@6qqfz
885,2018-07-04 22:33:15,@9bvyy,861.0,@26p4i
886,2018-07-04 22:33:15,@9bvyy,861.0,@58x4r
887,2018-07-04 22:33:15,@9bvyy,861.0,@61bfq
888,2018-07-04 22:33:15,@9bvyy,861.0,@lcn7z
889,2018-07-04 22:33:15,@8vwn1,862.0,@0yyjn
890,2018-07-04 22:33:15,@8vwn1,862.0,@99sm4
891,2018-07-04 22:33:15,@cfw1r,863.0,@0yyjn
892,2018-07-04 22:33:15,@cfw1r,863.0,@bp0nk
893,2018-07-04 22:33:15,@cfw1r,863.0,@61bfq
894,2018-07-04 22:33:15,@cfw1r,863.0,@9vkyy
895,2018-07-04 22:33:15,@hrh6u,864.0,@u2m9a
896,2018-07-04 22:33:15,@hrh6u,864.0,@58x4r
897,2018-07-04 22:33:15,@lcn7z,865.0,@bp0nk
898,2018-07-04 22:33:15,@8vwn1,866.0,@9vkyy
899,2018-07-04 22:33:15,@8vwn1,866.0,@fpg7q
900,2018-07-04 22:33:15,@9vkyy,867.0,@2s7bb
901,2018-07-04 22:33:15,@9vkyy,867.0,@cfw1r
902,2018-07-04 22:33:15,@9vkyy,867.0,@8vwn1
903,2018-07-04 22:33:15,@9vkyy,867.0,@99sm4
904,2018-07-04 22:33:15,@eg64d,870.0,@2s7bb
905,2018-07-04 22:33:15,@eg64d,870.0,@9bvyy
906,2018-07-04 22:33:15,@eg64d,870.0,@58x4r
907,2018-07-04 22:33:15,@0yyjn,871.0,@99sm4
908,2018-07-04 22:33:15,@0yyjn,871.0,@9bvyy
909,2018-07-04 22:33:15,@99sm4,872.0,@hrh6u
910,2018-07-04 22:33:15,@rsniw,874.0,@lcn7z
911,2018-07-04 22:33:15,@rsniw,874.0,@2s7bb
912,2018-07-04 22:33:15,@lcn7z,875.0,@9vkyy
913,2018-07-04 22:33:15,@fpg7q,876.0,@bp0nk
914,2018-07-04 22:33:15,@eg64d,877.0,@9bvyy
915,2018-07-04 22:33:15,@eg64d,877.0,@58x4r
916,2018-07-04 22:33:15,@eg64d,877.0,@2s7bb
917,2018-07-04 22:33:15,@9bvyy,878.0,@6qqfz
918,2018-07-04 22:33:15,@9bvyy,878.0,@8vwn1
919,2018-07-04 22:33:15,@9bvyy,878.0,@rsniw
920,2018-07-04 22:33:15,@9bvyy,878.0,@58x4r
921,2018-07-04 22:33:15,@9bvyy,878.0,@61bfq
922,2018-07-04 22:33:15,@9bvyy,878.0,@lcn7z
923,2018-07-04 22:33:15,@fpg7q,879.0,@bp0nk
924,2018-07-04 22:33:15,@0yyjn,880.0,@9vkyy
925,2018-07-04 22:33:15,@0yyjn,880.0,@9bvyy
926,2018-07-04 22:33:15,@hrh6u,881.0,@u2m9a
927,2018-07-04 22:33:15,@hrh6u,881.0,@99sm4
928,2018-07-04 22:33:15,@hrh6u,881.0,@58x4r
929,2018-07-04 22:33:15,@hrh6u,881.0,@eg64d
930,2018-07-04 22:33:15,@26p4i,882.0,@0yyjn
931,2018-07-04 22:33:15,@26p4i,882.0,@58x4r
932,2018-07-04 22:33:15,@26p4i,882.0,@u2m9a
933,2018-07-04 22:33:15,@9bvyy,883.0,@rsniw
934,2018-07-04 22:33:15,@9bvyy,883.0,@58x4r
935,2018-07-04 22:33:15,@9bvyy,883.0,@61bfq
936,2018-07-04 22:33:15,@9bvyy,883.0,@lcn7z
937,2018-07-04 22:33:15,@6qqfz,884.0,@9bvyy
938,2018-07-04 22:33:15,@6qqfz,884.0,@lcn7z
939,2018-07-04 22:33:15,@6qqfz,884.0,@8vwn1
940,2018-07-04 22:33:15,@6qqfz,884.0,@26p4i
941,2018-07-04 22:33:15,@6qqfz,884.0,@99sm4
942,2018-07-04 22:33:15,@6qqfz,884.0,@7113b
943,2018-07-04 22:33:15,@u2m9a,885.0,@fpg7q
944,2018-07-04 22:33:15,@u2m9a,885.0,@cfw1r
945,2018-07-04 22:33:15,@u2m9a,885.0,@5syh9
946,2018-07-04 22:33:15,@u2m9a,886.0,@6qqfz
947,2018-07-04 22:33:15,@u2m9a,886.0,@5syh9
948,2018-07-04 22:33:15,@61bfq,887.0,@5syh9
949,2018-07-05 22:33:15,@bp0nk,890.0,@u2m9a
950,2018-07-05 22:33:15,@bp0nk,890.0,@99sm4
951,2018-07-05 22:33:15,@u2m9a,891.0,@cfw1r
952,2018-07-05 22:33:15,@rsniw,893.0,@eg64d
953,2018-07-05 22:33:15,@rsniw,893.0,@lcn7z
954,2018-07-05 22:33:15,@rsniw,893.0,@2s7bb
955,2018-07-05 22:33:15,@lcn7z,894.0,@6qqfz
956,2018-07-05 22:33:15,@lcn7z,894.0,@2s7bb
957,2018-07-05 22:33:15,@lcn7z,894.0,@9vkyy
958,2018-07-05 22:33:15,@bp0nk,895.0,@u2m9a
959,2018-07-05 22:33:15,@9bvyy,896.0,@rsniw
960,2018-07-05 22:33:15,@9bvyy,896.0,@lcn7z
961,2018-07-05 22:33:15,@9bvyy,896.0,@61bfq
962,2018-07-05 22:33:15,@9bvyy,896.0,@26p4i
963,2018-07-05 22:33:15,@8vwn1,897.0,@9vkyy
964,2018-07-05 22:33:15,@8vwn1,897.0,@0yyjn
965,2018-07-05 22:33:15,@8vwn1,897.0,@99sm4
966,2018-07-05 22:33:15,@58x4r,900.0,@eg64d
967,2018-07-05 22:33:15,@58x4r,900.0,@hrh6u
968,2018-07-05 22:33:15,@u2m9a,901.0,@fpg7q
969,2018-07-05 22:33:15,@u2m9a,901.0,@5syh9
970,2018-07-05 22:33:15,@u2m9a,901.0,@cfw1r
971,2018-07-05 22:33:15,@u2m9a,901.0,@6qqfz
972,2018-07-05 22:33:15,@9bvyy,902.0,@26p4i
973,2018-07-05 22:33:15,@9bvyy,902.0,@61bfq
974,2018-07-05 22:33:15,@9bvyy,902.0,@8vwn1
975,2018-07-05 22:33:15,@9bvyy,902.0,@58x4r
976,2018-07-05 22:33:15,@9bvyy,902.0,@rsniw
977,2018-07-05 22:33:15,@9bvyy,902.0,@lcn7z
978,2018-07-05 22:33:15,@9bvyy,902.0,@6qqfz
979,2018-07-05 22:33:15,@hrh6u,904.0,@u2m9a
980,2018-07-05 22:33:15,@hrh6u,904.0,@eg64d
981,2018-07-05 22:33:15,@hrh6u,904.0,@99sm4
982,2018-07-05 22:33:15,@hrh6u,904.0,@58x4r
983,2018-07-05 22:33:15,@fpg7q,905.0,@u2m9a
984,2018-07-05 22:33:15,@fpg7q,905.0,@hrh6u
985,2018-07-05 22:33:15,@bp0nk,906.0,@99sm4
986,2018-07-05 22:33:15,@bp0nk,906.0,@u2m9a
987,2018-07-05 22:33:15,@58x4r,907.0,@hrh6u
988,2018-07-05 22:33:15,@58x4r,907.0,@5syh9
989,2018-07-05 22:33:15,@cfw1r,908.0,@0yyjn
990,2018-07-05 22:33:15,@hrh6u,909.0,@58x4r
991,2018-07-05 22:33:15,@6qqfz,912.0,@lcn7z
992,2018-07-05 22:33:15,@6qqfz,912.0,@5syh9
993,2018-07-05 22:33:15,@6qqfz,912.0,@99sm4
994,2018-07-05 22:33:15,@6qqfz,912.0,@26p4i
995,2018-07-05 22:33:15,@8vwn1,913.0,@99sm4
996,2018-07-05 22:33:15,@8vwn1,913.0,@fpg7q
997,2018-07-05 22:33:15,@8vwn1,913.0,@9vkyy
998,2018-07-05 22:33:15,@99sm4,916.0,@5syh9
999,2018-07-05 22:33:15,@99sm4,916.0,@58x4r
1000,2018-07-05 22:33:15,@99sm4,916.0,@hrh6u
1001,2018-07-06 22:33:15,@6qqfz,918.0,@9bvyy
1002,2018-07-06 22:33:15,@6qqfz,918.0,@26p4i
1003,2018-07-06 22:33:15,@6qqfz,918.0,@7113b
1004,2018-07-06 22:33:15,@6qqfz,918.0,@8vwn1
1005,2018-07-06 22:33:15,@6qqfz,918.0,@99sm4
1006,2018-07-06 22:33:15,@6qqfz,918.0,@5syh9
1007,2018-07-06 22:33:15,@9vkyy,919.0,@cfw1r
1008,2018-07-06 22:33:15,@8vwn1,921.0,@99sm4
1009,2018-07-06 22:33:15,@8vwn1,921.0,@fpg7q
1010,2018-07-06 22:33:15,@8vwn1,921.0,@9vkyy
1011,2018-07-06 22:33:15,@26p4i,922.0,@u2m9a
1012,2018-07-06 22:33:15,@lcn7z,923.0,@2s7bb
1013,2018-07-06 22:33:15,@26p4i,924.0,@0yyjn
1014,2018-07-06 22:33:15,@5syh9,926.0,@hrh6u
1015,2018-07-06 22:33:15,@5syh9,926.0,@6qqfz
1016,2018-07-06 22:33:15,@5syh9,926.0,@99sm4
1017,2018-07-06 22:33:15,@5syh9,926.0,@7113b
1018,2018-07-06 22:33:15,@rsniw,927.0,@lcn7z
1019,2018-07-06 22:33:15,@fpg7q,928.0,@bp0nk
1020,2018-07-06 22:33:15,@fpg7q,928.0,@u2m9a
1021,2018-07-06 22:33:15,@fpg7q,928.0,@hrh6u
1022,2018-07-06 22:33:15,@eg64d,930.0,@2s7bb
1023,2018-07-06 22:33:15,@eg64d,930.0,@9bvyy
1024,2018-07-06 22:33:15,@eg64d,930.0,@58x4r
1025,2018-07-06 22:33:15,@6qqfz,931.0,@lcn7z
1026,2018-07-06 22:33:15,@6qqfz,931.0,@5syh9
1027,2018-07-06 22:33:15,@6qqfz,931.0,@8vwn1
1028,2018-07-06 22:33:15,@6qqfz,931.0,@9bvyy
1029,2018-07-06 22:33:15,@6qqfz,931.0,@99sm4
1030,2018-07-06 22:33:15,@6qqfz,931.0,@26p4i
1031,2018-07-06 22:33:15,@2s7bb,932.0,@9vkyy
1032,2018-07-06 22:33:15,@lcn7z,934.0,@2s7bb
1033,2018-07-06 22:33:15,@lcn7z,934.0,@6qqfz
1034,2018-07-06 22:33:15,@lcn7z,934.0,@9vkyy
1035,2018-07-06 22:33:15,@lcn7z,934.0,@bp0nk
1036,2018-07-06 22:33:15,@bp0nk,935.0,@u2m9a
1037,2018-07-06 22:33:15,@bp0nk,935.0,@99sm4
1038,2018-07-06 22:33:15,@2s7bb,936.0,@cfw1r
1039,2018-07-06 22:33:15,@2s7bb,936.0,@9vkyy
1040,2018-07-06 22:33:15,@2s7bb,936.0,@0yyjn
1041,2018-07-06 22:33:15,@9vkyy,937.0,@rsniw
1042,2018-07-06 22:33:15,@9vkyy,937.0,@8vwn1
1043,2018-07-06 22:33:15,@9vkyy,937.0,@cfw1r
1044,2018-07-06 22:33:15,@hrh6u,939.0,@99sm4
1045,2018-07-06 22:33:15,@hrh6u,939.0,@u2m9a
1046,2018-07-06 22:33:15,@hrh6u,939.0,@58x4r
1047,2018-07-06 22:33:15,@hrh6u,939.0,@eg64d
1048,2018-07-06 22:33:15,@9bvyy,940.0,@58x4r
1049,2018-07-06 22:33:15,@9bvyy,940.0,@8vwn1
1050,2018-07-06 22:33:15,@fpg7q,941.0,@bp0nk
1051,2018-07-06 22:33:15,@fpg7q,941.0,@hrh6u
1052,2018-07-06 22:33:15,@fpg7q,941.0,@u2m9a
1053,2018-07-06 22:33:15,@26p4i,942.0,@0yyjn
1054,2018-07-06 22:33:15,@26p4i,942.0,@u2m9a
1055,2018-07-06 22:33:15,@26p4i,942.0,@58x4r
1056,2018-07-06 22:33:15,@u2m9a,943.0,@6qqfz
1057,2018-07-06 22:33:15,@u2m9a,943.0,@cfw1r
1058,2018-07-06 22:33:15,@u2m9a,943.0,@fpg7q
1059,2018-07-06 22:33:15,@7113b,944.0,@u2m9a
1060,2018-07-06 22:33:15,@7113b,944.0,@5syh9
1061,2018-07-06 22:33:15,@5syh9,945.0,@99sm4
1062,2018-07-06 22:33:15,@5syh9,945.0,@6qqfz
1063,2018-07-06 22:33:15,@5syh9,945.0,@hrh6u
1064,2018-07-06 22:33:15,@5syh9,945.0,@7113b
1065,2018-07-06 22:33:15,@26p4i,946.0,@58x4r
1066,2018-07-06 22:33:15,@26p4i,946.0,@0yyjn
1067,2018-07-06 22:33:15,@26p4i,946.0,@u2m9a
1068,2018-07-07 22:33:15,@fpg7q,948.0,@bp0nk
1069,2018-07-07 22:33:15,@fpg7q,948.0,@hrh6u
1070,2018-07-07 22:33:15,@8vwn1,949.0,@0yyjn
1071,2018-07-07 22:33:15,@8vwn1,949.0,@99sm4
1072,2018-07-07 22:33:15,@8vwn1,949.0,@9vkyy
1073,2018-07-07 22:33:15,@0yyjn,950.0,@99sm4
1074,2018-07-07 22:33:15,@0yyjn,950.0,@9bvyy
1075,2018-07-07 22:33:15,@0yyjn,950.0,@9vkyy
1076,2018-07-07 22:33:15,@9vkyy,951.0,@rsniw
1077,2018-07-07 22:33:15,@9vkyy,951.0,@cfw1r
1078,2018-07-07 22:33:15,@9vkyy,951.0,@hrh6u
1079,2018-07-07 22:33:15,@8vwn1,952.0,@99sm4
1080,2018-07-07 22:33:15,@8vwn1,952.0,@9vkyy
1081,2018-07-07 22:33:15,@8vwn1,952.0,@fpg7q
1082,2018-07-07 22:33:15,@8vwn1,952.0,@0yyjn
1083,2018-07-07 22:33:15,@lcn7z,953.0,@bp0nk
1084,2018-07-07 22:33:15,@99sm4,954.0,@58x4r
1085,2018-07-07 22:33:15,@99sm4,954.0,@hrh6u
1086,2018-07-07 22:33:15,@cfw1r,955.0,@61bfq
1087,2018-07-07 22:33:15,@cfw1r,955.0,@bp0nk
1088,2018-07-07 22:33:15,@7113b,956.0,@u2m9a
1089,2018-07-07 22:33:15,@bp0nk,957.0,@99sm4
1090,2018-07-07 22:33:15,@bp0nk,957.0,@u2m9a
1091,2018-07-07 22:33:15,@99sm4,958.0,@5syh9
1092,2018-07-07 22:33:15,@99sm4,958.0,@58x4r
1093,2018-07-07 22:33:15,@rsniw,959.0,@2s7bb
1094,2018-07-07 22:33:15,@rsniw,959.0,@eg64d
1095,2018-07-07 22:33:15,@rsniw,959.0,@lcn7z
1096,2018-07-07 22:33:15,@cfw1r,960.0,@0yyjn
1097,2018-07-07 22:33:15,@cfw1r,960.0,@u2m9a
1098,2018-07-07 22:33:15,@cfw1r,960.0,@9vkyy
1099,2018-07-07 22:33:15,@cfw1r,960.0,@bp0nk
1100,2018-07-07 22:33:15,@cfw1r,960.0,@99sm4
1101,2018-07-07 22:33:15,@cfw1r,960.0,@61bfq
1102,2018-07-07 22:33:15,@7113b,961.0,@5syh9
1103,2018-07-07 22:33:15,@0yyjn,962.0,@99sm4
1104,2018-07-07 22:33:15,@6qqfz,965.0,@99sm4
1105,2018-07-07 22:33:15,@6qqfz,965.0,@lcn7z
1106,2018-07-07 22:33:15,@6qqfz,965.0,@9bvyy
1107,2018-07-07 22:33:15,@6qqfz,965.0,@8vwn1
1108,2018-07-07 22:33:15,@hrh6u,966.0,@58x4r
1109,2018-07-07 22:33:15,@58x4r,967.0,@hrh6u
1110,2018-07-07 22:33:15,@58x4r,967.0,@eg64d
1111,2018-07-07 22:33:15,@58x4r,967.0,@5syh9
1112,2018-07-07 22:33:15,@58x4r,967.0,@rsniw
1113,2018-07-07 22:33:15,@u2m9a,968.0,@fpg7q
1114,2018-07-07 22:33:15,@hrh6u,969.0,@u2m9a
1115,2018-07-07 22:33:15,@hrh6u,969.0,@99sm4
1116,2018-07-07 22:33:15,@hrh6u,969.0,@58x4r
1117,2018-07-07 22:33:15,@hrh6u,969.0,@eg64d
1118,2018-07-07 22:33:15,@u2m9a,970.0,@cfw1r
1119,2018-07-07 22:33:15,@u2m9a,970.0,@fpg7q
1120,2018-07-07 22:33:15,@u2m9a,970.0,@5syh9
1121,2018-07-07 22:33:15,@u2m9a,970.0,@6qqfz
1122,2018-07-07 22:33:15,@bp0nk,971.0,@99sm4
1123,2018-07-07 22:33:15,@bp0nk,971.0,@u2m9a
1124,2018-07-07 22:33:15,@0yyjn,972.0,@9vkyy
1125,2018-07-07 22:33:15,@u2m9a,973.0,@cfw1r
1126,2018-07-07 22:33:15,@26p4i,976.0,@0yyjn
1127,2018-07-07 22:33:15,@9bvyy,977.0,@61bfq
1128,2018-07-07 22:33:15,@9bvyy,977.0,@58x4r
1129,2018-07-07 22:33:15,@9bvyy,977.0,@26p4i
1130,2018-07-08 22:33:15,@58x4r,978.0,@eg64d
1131,2018-07-08 22:33:15,@58x4r,978.0,@hrh6u
1132,2018-07-08 22:33:15,@58x4r,978.0,@5syh9
1133,2018-07-08 22:33:15,@rsniw,980.0,@2s7bb
1134,2018-07-08 22:33:15,@rsniw,980.0,@eg64d
1135,2018-07-08 22:33:15,@26p4i,981.0,@u2m9a
1136,2018-07-08 22:33:15,@26p4i,981.0,@58x4r
1137,2018-07-08 22:33:15,@26p4i,981.0,@0yyjn
1138,2018-07-08 22:33:15,@0yyjn,982.0,@9bvyy
1139,2018-07-08 22:33:15,@0yyjn,982.0,@99sm4
1140,2018-07-08 22:33:15,@0yyjn,982.0,@9vkyy
1141,2018-07-08 22:33:15,@5syh9,984.0,@hrh6u
1142,2018-07-08 22:33:15,@5syh9,984.0,@99sm4
1143,2018-07-08 22:33:15,@5syh9,984.0,@6qqfz
1144,2018-07-08 22:33:15,@5syh9,984.0,@7113b
1145,2018-07-08 22:33:15,@eg64d,985.0,@58x4r
1146,2018-07-08 22:33:15,@eg64d,985.0,@9bvyy
1147,2018-07-08 22:33:15,@eg64d,985.0,@2s7bb
1148,2018-07-08 22:33:15,@6qqfz,986.0,@9bvyy
1149,2018-07-08 22:33:15,@6qqfz,986.0,@7113b
1150,2018-07-08 22:33:15,@6qqfz,986.0,@99sm4
1151,2018-07-08 22:33:15,@6qqfz,986.0,@26p4i
1152,2018-07-08 22:33:15,@6qqfz,986.0,@lcn7z
1153,2018-07-08 22:33:15,@cfw1r,987.0,@bp0nk
1154,2018-07-08 22:33:15,@cfw1r,987.0,@9vkyy
1155,2018-07-08 22:33:15,@cfw1r,987.0,@99sm4
1156,2018-07-08 22:33:15,@cfw1r,987.0,@0yyjn
1157,2018-07-08 22:33:15,@cfw1r,987.0,@u2m9a
1158,2018-07-08 22:33:15,@8vwn1,988.0,@fpg7q
1159,2018-07-08 22:33:15,@8vwn1,988.0,@0yyjn
1160,2018-07-08 22:33:15,@9bvyy,989.0,@8vwn1
1161,2018-07-08 22:33:15,@9bvyy,989.0,@26p4i
1162,2018-07-08 22:33:15,@9bvyy,989.0,@61bfq
1163,2018-07-08 22:33:15,@9bvyy,989.0,@lcn7z
1164,2018-07-08 22:33:15,@9bvyy,989.0,@58x4r
1165,2018-07-08 22:33:15,@9bvyy,989.0,@6qqfz
1166,2018-07-08 22:33:15,@9bvyy,989.0,@rsniw
1167,2018-07-08 22:33:15,@99sm4,990.0,@5syh9
1168,2018-07-08 22:33:15,@99sm4,990.0,@58x4r
1169,2018-07-08 22:33:15,@99sm4,990.0,@hrh6u
1170,2018-07-08 22:33:15,@0yyjn,991.0,@9vkyy
1171,2018-07-08 22:33:15,@0yyjn,991.0,@99sm4
1172,2018-07-08 22:33:15,@99sm4,992.0,@hrh6u
1173,2018-07-08 22:33:15,@61bfq,993.0,@hrh6u
1174,2018-07-08 22:33:15,@26p4i,994.0,@u2m9a
1175,2018-07-08 22:33:15,@26p4i,994.0,@58x4r
1176,2018-07-08 22:33:15,@2s7bb,995.0,@cfw1r
1177,2018-07-08 22:33:15,@2s7bb,995.0,@u2m9a
1178,2018-07-08 22:33:15,@eg64d,996.0,@2s7bb
1179,2018-07-08 22:33:15,@eg64d,996.0,@58x4r
1180,2018-07-08 22:33:15,@lcn7z,999.0,@9vkyy
1181,2018-07-08 22:33:15,@lcn7z,999.0,@bp0nk
1182,2018-07-08 22:33:15,@u2m9a,1000.0,@cfw1r
1183,2018-07-08 22:33:15,@u2m9a,1000.0,@6qqfz
1184,2018-07-08 22:33:15,@u2m9a,1000.0,@5syh9
1185,2018-07-08 22:33:15,@u2m9a,1000.0,@fpg7q
1186,2018-07-08 22:33:15,@58x4r,1001.0,@eg64d
1187,2018-07-08 22:33:15,@9vkyy,1005.0,@2s7bb
1188,2018-07-08 22:33:15,@9vkyy,1005.0,@99sm4
1189,2018-07-08 22:33:15,@9vkyy,1005.0,@rsniw
1190,2018-07-08 22:33:15,@9vkyy,1005.0,@8vwn1
1191,2018-07-09 22:33:15,@61bfq,1008.0,@hrh6u
1192,2018-07-09 22:33:15,@61bfq,1008.0,@5syh9
1193,2018-07-09 22:33:15,@61bfq,1008.0,@fpg7q
1194,2018-07-09 22:33:15,@eg64d,1009.0,@9bvyy
1195,2018-07-09 22:33:15,@eg64d,1009.0,@2s7bb
1196,2018-07-09 22:33:15,@99sm4,1011.0,@58x4r
1197,2018-07-09 22:33:15,@bp0nk,1012.0,@u2m9a
1198,2018-07-09 22:33:15,@lcn7z,1013.0,@9vkyy
1199,2018-07-09 22:33:15,@lcn7z,1013.0,@6qqfz
1200,2018-07-09 22:33:15,@lcn7z,1013.0,@2s7bb
1201,2018-07-09 22:33:15,@lcn7z,1013.0,@bp0nk
1202,2018-07-09 22:33:15,@9bvyy,1015.0,@8vwn1
1203,2018-07-09 22:33:15,@9bvyy,1015.0,@61bfq
1204,2018-07-09 22:33:15,@9bvyy,1015.0,@58x4r
1205,2018-07-09 22:33:15,@9bvyy,1015.0,@26p4i
1206,2018-07-09 22:33:15,@9bvyy,1015.0,@lcn7z
1207,2018-07-09 22:33:15,@9bvyy,1015.0,@6qqfz
1208,2018-07-09 22:33:15,@9bvyy,1015.0,@rsniw
1209,2018-07-09 22:33:15,@rsniw,1016.0,@eg64d
1210,2018-07-09 22:33:15,@rsniw,1016.0,@lcn7z
1211,2018-07-09 22:33:15,@2s7bb,1017.0,@0yyjn
1212,2018-07-09 22:33:15,@lcn7z,1019.0,@2s7bb
1213,2018-07-09 22:33:15,@99sm4,1020.0,@58x4r
1214,2018-07-09 22:33:15,@99sm4,1020.0,@hrh6u
1215,2018-07-09 22:33:15,@u2m9a,1021.0,@5syh9
1216,2018-07-09 22:33:15,@fpg7q,1022.0,@bp0nk
1217,2018-07-09 22:33:15,@fpg7q,1022.0,@hrh6u
1218,2018-07-09 22:33:15,@fpg7q,1022.0,@u2m9a
1219,2018-07-09 22:33:15,@9vkyy,1024.0,@2s7bb
1220,2018-07-09 22:33:15,@9vkyy,1024.0,@cfw1r
1221,2018-07-09 22:33:15,@9vkyy,1024.0,@8vwn1
1222,2018-07-09 22:33:15,@9vkyy,1024.0,@rsniw
1223,2018-07-09 22:33:15,@9vkyy,1024.0,@hrh6u
1224,2018-07-09 22:33:15,@9vkyy,1024.0,@99sm4
1225,2018-07-09 22:33:15,@rsniw,1026.0,@eg64d
1226,2018-07-09 22:33:15,@rsniw,1027.0,@lcn7z
1227,2018-07-09 22:33:15,@rsniw,1027.0,@2s7bb
1228,2018-07-09 22:33:15,@lcn7z,1028.0,@9vkyy
1229,2018-07-09 22:33:15,@lcn7z,1028.0,@2s7bb
1230,2018-07-09 22:33:15,@lcn7z,1028.0,@bp0nk
1231,2018-07-09 22:33:15,@9vkyy,1030.0,@rsniw
1232,2018-07-09 22:33:15,@9vkyy,1030.0,@99sm4
1233,2018-07-09 22:33:15,@6qqfz,1031.0,@99sm4
1234,2018-07-09 22:33:15,@6qqfz,1031.0,@lcn7z
1235,2018-07-09 22:33:15,@6qqfz,1031.0,@7113b
1236,2018-07-09 22:33:15,@6qqfz,1031.0,@5syh9
1237,2018-07-09 22:33:15,@u2m9a,1034.0,@fpg7q
1238,2018-07-09 22:33:15,@u2m9a,1034.0,@cfw1r
1239,2018-07-09 22:33:15,@u2m9a,1034.0,@5syh9
1240,2018-07-09 22:33:15,@9vkyy,1035.0,@99sm4
1241,2018-07-09 22:33:15,@9vkyy,1035.0,@cfw1r
1242,2018-07-09 22:33:15,@9vkyy,1035.0,@2s7bb
1243,2018-07-09 22:33:15,@bp0nk,1036.0,@99sm4
1244,2018-07-09 22:33:15,@bp0nk,1037.0,@u2m9a
1245,2018-07-10 22:33:15,@58x4r,1038.0,@rsniw
1246,2018-07-10 22:33:15,@58x4r,1038.0,@hrh6u
1247,2018-07-10 22:33:15,@58x4r,1038.0,@5syh9
1248,2018-07-10 22:33:15,@58x4r,1038.0,@eg64d
1249,2018-07-10 22:33:15,@fpg7q,1040.0,@bp0nk
1250,2018-07-10 22:33:15,@fpg7q,1040.0,@hrh6u
1251,2018-07-10 22:33:15,@fpg7q,1040.0,@u2m9a
1252,2018-07-10 22:33:15,@99sm4,1041.0,@5syh9
1253,2018-07-10 22:33:15,@99sm4,1041.0,@58x4r
1254,2018-07-10 22:33:15,@99sm4,1041.0,@hrh6u
1255,2018-07-10 22:33:15,@5syh9,1042.0,@hrh6u
1256,2018-07-10 22:33:15,@5syh9,1042.0,@99sm4
1257,2018-07-10 22:33:15,@bp0nk,1043.0,@99sm4
1258,2018-07-10 22:33:15,@bp0nk,1043.0,@u2m9a
1259,2018-07-10 22:33:15,@hrh6u,1044.0,@eg64d
1260,2018-07-10 22:33:15,@hrh6u,1044.0,@58x4r
1261,2018-07-10 22:33:15,@hrh6u,1044.0,@99sm4
1262,2018-07-10 22:33:15,@9bvyy,1045.0,@61bfq
1263,2018-07-10 22:33:15,@9bvyy,1045.0,@8vwn1
1264,2018-07-10 22:33:15,@9bvyy,1045.0,@6qqfz
1265,2018-07-10 22:33:15,@bp0nk,1046.0,@99sm4
1266,2018-07-10 22:33:15,@bp0nk,1046.0,@u2m9a
1267,2018-07-10 22:33:15,@26p4i,1047.0,@58x4r
1268,2018-07-10 22:33:15,@26p4i,1047.0,@0yyjn
1269,2018-07-10 22:33:15,@9bvyy,1048.0,@rsniw
1270,2018-07-10 22:33:15,@9bvyy,1048.0,@61bfq
1271,2018-07-10 22:33:15,@9bvyy,1048.0,@26p4i
1272,2018-07-10 22:33:15,@9bvyy,1048.0,@58x4r
1273,2018-07-10 22:33:15,@2s7bb,1049.0,@cfw1r
1274,2018-07-10 22:33:15,@2s7bb,1049.0,@u2m9a
1275,2018-07-10 22:33:15,@2s7bb,1049.0,@0yyjn
1276,2018-07-10 22:33:15,@0yyjn,1050.0,@9vkyy
1277,2018-07-10 22:33:15,@0yyjn,1050.0,@99sm4
1278,2018-07-10 22:33:15,@0yyjn,1050.0,@9bvyy
1279,2018-07-10 22:33:15,@26p4i,1051.0,@0yyjn
1280,2018-07-10 22:33:15,@26p4i,1051.0,@58x4r
1281,2018-07-10 22:33:15,@26p4i,1051.0,@u2m9a
1282,2018-07-10 22:33:15,@fpg7q,1052.0,@bp0nk
1283,2018-07-10 22:33:15,@fpg7q,1052.0,@u2m9a
1284,2018-07-10 22:33:15,@7113b,1053.0,@u2m9a
1285,2018-07-10 22:33:15,@bp0nk,1054.0,@u2m9a
1286,2018-07-10 22:33:15,@bp0nk,1054.0,@99sm4
1287,2018-07-10 22:33:15,@6qqfz,1055.0,@5syh9
1288,2018-07-10 22:33:15,@6qqfz,1055.0,@8vwn1
1289,2018-07-10 22:33:15,@6qqfz,1055.0,@99sm4
1290,2018-07-10 22:33:15,@rsniw,1057.0,@lcn7z
1291,2018-07-10 22:33:15,@rsniw,1057.0,@eg64d
1292,2018-07-10 22:33:15,@rsniw,1057.0,@2s7bb
1293,2018-07-10 22:33:15,@5syh9,1058.0,@7113b
1294,2018-07-10 22:33:15,@5syh9,1058.0,@hrh6u
1295,2018-07-10 22:33:15,@bp0nk,1059.0,@99sm4
1296,2018-07-10 22:33:15,@bp0nk,1059.0,@u2m9a
1297,2018-07-10 22:33:15,@58x4r,1060.0,@eg64d
1298,2018-07-10 22:33:15,@58x4r,1060.0,@hrh6u
1299,2018-07-10 22:33:15,@58x4r,1060.0,@rsniw
1300,2018-07-10 22:33:15,@58x4r,1060.0,@5syh9
1301,2018-07-10 22:33:15,@9vkyy,1061.0,@8vwn1
1302,2018-07-10 22:33:15,@9vkyy,1061.0,@cfw1r
1303,2018-07-10 22:33:15,@9vkyy,1061.0,@2s7bb
1304,2018-07-10 22:33:15,@9vkyy,1061.0,@rsniw
1305,2018-07-10 22:33:15,@9vkyy,1061.0,@hrh6u
1306,2018-07-10 22:33:15,@9vkyy,1061.0,@99sm4
1307,2018-07-10 22:33:15,@26p4i,1062.0,@0yyjn
1308,2018-07-10 22:33:15,@lcn7z,1063.0,@6qqfz
1309,2018-07-10 22:33:15,@lcn7z,1063.0,@2s7bb
1310,2018-07-10 22:33:15,@cfw1r,1064.0,@61bfq
1311,2018-07-10 22:33:15,@cfw1r,1064.0,@u2m9a
1312,2018-07-10 22:33:15,@cfw1r,1064.0,@99sm4
1313,2018-07-10 22:33:15,@cfw1r,1064.0,@9vkyy
1314,2018-07-10 22:33:15,@u2m9a,1065.0,@5syh9
1315,2018-07-10 22:33:15,@u2m9a,1065.0,@fpg7q
1316,2018-07-10 22:33:15,@u2m9a,1065.0,@cfw1r
1317,2018-07-10 22:33:15,@u2m9a,1065.0,@6qqfz
1318,2018-07-10 22:33:15,@0yyjn,1066.0,@99sm4
1319,2018-07-10 22:33:15,@2s7bb,1067.0,@cfw1r
1320,2018-07-10 22:33:15,@2s7bb,1067.0,@0yyjn
1321,2018-07-10 22:33:15,@2s7bb,1067.0,@u2m9a
1322,2018-07-10 22:33:15,@2s7bb,1067.0,@9vkyy
1323,2018-07-11 22:33:15,@cfw1r,1069.0,@9vkyy
1324,2018-07-11 22:33:15,@cfw1r,1069.0,@0yyjn
1325,2018-07-11 22:33:15,@cfw1r,1069.0,@bp0nk
1326,2018-07-11 22:33:15,@cfw1r,1069.0,@61bfq
1327,2018-07-11 22:33:15,@cfw1r,1069.0,@99sm4
1328,2018-07-11 22:33:15,@cfw1r,1069.0,@u2m9a
1329,2018-07-11 22:33:15,@hrh6u,1070.0,@58x4r
1330,2018-07-11 22:33:15,@hrh6u,1070.0,@99sm4
1331,2018-07-11 22:33:15,@hrh6u,1070.0,@eg64d
1332,2018-07-11 22:33:15,@hrh6u,1071.0,@eg64d
1333,2018-07-11 22:33:15,@bp0nk,1075.0,@99sm4
1334,2018-07-11 22:33:15,@bp0nk,1075.0,@u2m9a
1335,2018-07-11 22:33:15,@eg64d,1076.0,@2s7bb
1336,2018-07-11 22:33:15,@bp0nk,1077.0,@u2m9a
1337,2018-07-11 22:33:15,@bp0nk,1077.0,@99sm4
1338,2018-07-11 22:33:15,@26p4i,1078.0,@u2m9a
1339,2018-07-11 22:33:15,@99sm4,1079.0,@hrh6u
1340,2018-07-11 22:33:15,@hrh6u,1080.0,@eg64d
1341,2018-07-11 22:33:15,@lcn7z,1081.0,@2s7bb
1342,2018-07-11 22:33:15,@lcn7z,1081.0,@bp0nk
1343,2018-07-11 22:33:15,@lcn7z,1081.0,@9vkyy
1344,2018-07-11 22:33:15,@lcn7z,1081.0,@6qqfz
1345,2018-07-11 22:33:15,@9bvyy,1082.0,@61bfq
1346,2018-07-11 22:33:15,@9bvyy,1082.0,@26p4i
1347,2018-07-11 22:33:15,@9bvyy,1082.0,@rsniw
1348,2018-07-11 22:33:15,@9bvyy,1082.0,@8vwn1
1349,2018-07-11 22:33:15,@u2m9a,1083.0,@cfw1r
1350,2018-07-11 22:33:15,@u2m9a,1083.0,@5syh9
1351,2018-07-11 22:33:15,@9bvyy,1084.0,@58x4r
1352,2018-07-11 22:33:15,@9bvyy,1084.0,@26p4i
1353,2018-07-11 22:33:15,@9bvyy,1084.0,@61bfq
1354,2018-07-11 22:33:15,@9bvyy,1084.0,@lcn7z
1355,2018-07-11 22:33:15,@9bvyy,1084.0,@6qqfz
1356,2018-07-11 22:33:15,@9bvyy,1084.0,@rsniw
1357,2018-07-11 22:33:15,@9bvyy,1084.0,@8vwn1
1358,2018-07-11 22:33:15,@5syh9,1085.0,@7113b
1359,2018-07-11 22:33:15,@lcn7z,1086.0,@2s7bb
1360,2018-07-11 22:33:15,@26p4i,1087.0,@0yyjn
1361,2018-07-11 22:33:15,@26p4i,1087.0,@58x4r
1362,2018-07-11 22:33:15,@26p4i,1087.0,@u2m9a
1363,2018-07-11 22:33:15,@7113b,1088.0,@u2m9a
1364,2018-07-11 22:33:15,@5syh9,1090.0,@99sm4
1365,2018-07-11 22:33:15,@hrh6u,1092.0,@99sm4
1366,2018-07-11 22:33:15,@hrh6u,1092.0,@58x4r
1367,2018-07-11 22:33:15,@hrh6u,1092.0,@u2m9a
1368,2018-07-11 22:33:15,@hrh6u,1092.0,@eg64d
1369,2018-07-11 22:33:15,@99sm4,1094.0,@hrh6u
1370,2018-07-11 22:33:15,@99sm4,1094.0,@58x4r
1371,2018-07-11 22:33:15,@99sm4,1094.0,@5syh9
1372,2018-07-11 22:33:15,@26p4i,1096.0,@0yyjn
1373,2018-07-11 22:33:15,@9bvyy,1097.0,@58x4r
1374,2018-07-11 22:33:15,@9bvyy,1097.0,@61bfq
1375,2018-07-11 22:33:15,@9bvyy,1097.0,@lcn7z
1376,2018-07-11 22:33:15,@9bvyy,1097.0,@26p4i
1377,2018-07-11 22:33:15,@9bvyy,1097.0,@rsniw
1378,2018-07-11 22:33:15,@9bvyy,1097.0,@6qqfz
1379,2018-07-11 22:33:15,@9bvyy,1097.0,@8vwn1
1380,2018-07-12 22:33:15,@u2m9a,1098.0,@6qqfz
1381,2018-07-12 22:33:15,@8vwn1,1100.0,@fpg7q
1382,2018-07-12 22:33:15,@8vwn1,1100.0,@99sm4
1383,2018-07-12 22:33:15,@8vwn1,1100.0,@0yyjn
1384,2018-07-12 22:33:15,@26p4i,1101.0,@u2m9a
1385,2018-07-12 22:33:15,@26p4i,1101.0,@58x4r
1386,2018-07-12 22:33:15,@26p4i,1101.0,@0yyjn
1387,2018-07-12 22:33:15,@6qqfz,1102.0,@26p4i
1388,2018-07-12 22:33:15,@6qqfz,1102.0,@99sm4
1389,2018-07-12 22:33:15,@6qqfz,1102.0,@lcn7z
1390,2018-07-12 22:33:15,@6qqfz,1102.0,@5syh9
1391,2018-07-12 22:33:15,@6qqfz,1102.0,@7113b
1392,2018-07-12 22:33:15,@6qqfz,1102.0,@9bvyy
1393,2018-07-12 22:33:15,@6qqfz,1102.0,@8vwn1
1394,2018-07-12 22:33:15,@7113b,1103.0,@58x4r
1395,2018-07-12 22:33:15,@bp0nk,1104.0,@u2m9a
1396,2018-07-12 22:33:15,@bp0nk,1104.0,@99sm4
1397,2018-07-12 22:33:15,@rsniw,1105.0,@eg64d
1398,2018-07-12 22:33:15,@rsniw,1105.0,@lcn7z
1399,2018-07-12 22:33:15,@rsniw,1105.0,@2s7bb
1400,2018-07-12 22:33:15,@99sm4,1106.0,@hrh6u
1401,2018-07-12 22:33:15,@99sm4,1106.0,@5syh9
1402,2018-07-12 22:33:15,@61bfq,1107.0,@hrh6u
1403,2018-07-12 22:33:15,@61bfq,1108.0,@fpg7q
1404,2018-07-12 22:33:15,@hrh6u,1109.0,@58x4r
1405,2018-07-12 22:33:15,@hrh6u,1109.0,@99sm4
1406,2018-07-12 22:33:15,@hrh6u,1109.0,@eg64d
1407,2018-07-12 22:33:15,@rsniw,1111.0,@eg64d
1408,2018-07-12 22:33:15,@99sm4,1112.0,@hrh6u
1409,2018-07-12 22:33:15,@99sm4,1113.0,@hrh6u
1410,2018-07-12 22:33:15,@99sm4,1113.0,@5syh9
1411,2018-07-12 22:33:15,@9bvyy,1115.0,@8vwn1
1412,2018-07-12 22:33:15,@9bvyy,1115.0,@61bfq
1413,2018-07-12 22:33:15,@99sm4,1117.0,@5syh9
1414,2018-07-12 22:33:15,@99sm4,1117.0,@hrh6u
1415,2018-07-12 22:33:15,@lcn7z,1119.0,@6qqfz
1416,2018-07-12 22:33:15,@5syh9,1120.0,@hrh6u
1417,2018-07-12 22:33:15,@5syh9,1120.0,@7113b
1418,2018-07-12 22:33:15,@5syh9,1120.0,@99sm4
1419,2018-07-12 22:33:15,@5syh9,1120.0,@6qqfz
1420,2018-07-12 22:33:15,@9bvyy,1121.0,@lcn7z
1421,2018-07-12 22:33:15,@9bvyy,1121.0,@6qqfz
1422,2018-07-12 22:33:15,@9bvyy,1121.0,@58x4r
1423,2018-07-12 22:33:15,@u2m9a,1123.0,@fpg7q
1424,2018-07-12 22:33:15,@u2m9a,1123.0,@cfw1r
1425,2018-07-12 22:33:15,@5syh9,1124.0,@99sm4
1426,2018-07-12 22:33:15,@58x4r,1125.0,@eg64d
1427,2018-07-12 22:33:15,@58x4r,1125.0,@5syh9
1428,2018-07-12 22:33:15,@58x4r,1125.0,@rsniw
1429,2018-07-12 22:33:15,@58x4r,1125.0,@hrh6u
1430,2018-07-12 22:33:15,@2s7bb,1127.0,@u2m9a
1431,2018-07-12 22:33:15,@2s7bb,1127.0,@0yyjn
1432,2018-07-12 22:33:15,@2s7bb,1127.0,@9vkyy
1433,2018-07-13 22:33:15,@8vwn1,1128.0,@9vkyy
1434,2018-07-13 22:33:15,@8vwn1,1128.0,@0yyjn
1435,2018-07-13 22:33:15,@2s7bb,1132.0,@cfw1r
1436,2018-07-13 22:33:15,@2s7bb,1132.0,@0yyjn
1437,2018-07-13 22:33:15,@lcn7z,1133.0,@9vkyy
1438,2018-07-13 22:33:15,@lcn7z,1133.0,@6qqfz
1439,2018-07-13 22:33:15,@26p4i,1134.0,@0yyjn
1440,2018-07-13 22:33:15,@58x4r,1135.0,@rsniw
1441,2018-07-13 22:33:15,@58x4r,1135.0,@eg64d
1442,2018-07-13 22:33:15,@58x4r,1135.0,@5syh9
1443,2018-07-13 22:33:15,@58x4r,1135.0,@hrh6u
1444,2018-07-13 22:33:15,@9bvyy,1136.0,@58x4r
1445,2018-07-13 22:33:15,@6qqfz,1137.0,@9bvyy
1446,2018-07-13 22:33:15,@8vwn1,1138.0,@fpg7q
1447,2018-07-13 22:33:15,@8vwn1,1138.0,@0yyjn
1448,2018-07-13 22:33:15,@8vwn1,1138.0,@9vkyy
1449,2018-07-13 22:33:15,@hrh6u,1139.0,@eg64d
1450,2018-07-13 22:33:15,@hrh6u,1139.0,@99sm4
1451,2018-07-13 22:33:15,@hrh6u,1139.0,@58x4r
1452,2018-07-13 22:33:15,@hrh6u,1139.0,@u2m9a
1453,2018-07-13 22:33:15,@u2m9a,1140.0,@cfw1r
1454,2018-07-13 22:33:15,@u2m9a,1140.0,@5syh9
1455,2018-07-13 22:33:15,@u2m9a,1140.0,@fpg7q
1456,2018-07-13 22:33:15,@26p4i,1142.0,@58x4r
1457,2018-07-13 22:33:15,@eg64d,1145.0,@58x4r
1458,2018-07-13 22:33:15,@61bfq,1146.0,@5syh9
1459,2018-07-13 22:33:15,@61bfq,1146.0,@fpg7q
1460,2018-07-13 22:33:15,@58x4r,1147.0,@rsniw
1461,2018-07-13 22:33:15,@58x4r,1147.0,@eg64d
1462,2018-07-13 22:33:15,@61bfq,1148.0,@fpg7q
1463,2018-07-13 22:33:15,@61bfq,1148.0,@hrh6u
1464,2018-07-13 22:33:15,@6qqfz,1149.0,@lcn7z
1465,2018-07-13 22:33:15,@6qqfz,1149.0,@5syh9
1466,2018-07-13 22:33:15,@6qqfz,1149.0,@26p4i
1467,2018-07-13 22:33:15,@6qqfz,1149.0,@8vwn1
1468,2018-07-13 22:33:15,@6qqfz,1149.0,@7113b
1469,2018-07-13 22:33:15,@6qqfz,1149.0,@9bvyy
1470,2018-07-13 22:33:15,@99sm4,1150.0,@5syh9
1471,2018-07-13 22:33:15,@cfw1r,1151.0,@u2m9a
1472,2018-07-13 22:33:15,@cfw1r,1151.0,@bp0nk
1473,2018-07-13 22:33:15,@cfw1r,1151.0,@9vkyy
1474,2018-07-13 22:33:15,@cfw1r,1151.0,@61bfq
1475,2018-07-13 22:33:15,@cfw1r,1151.0,@0yyjn
1476,2018-07-13 22:33:15,@cfw1r,1151.0,@99sm4
1477,2018-07-13 22:33:15,@bp0nk,1152.0,@99sm4
1478,2018-07-13 22:33:15,@7113b,1153.0,@u2m9a
1479,2018-07-13 22:33:15,@5syh9,1154.0,@99sm4
1480,2018-07-13 22:33:15,@5syh9,1154.0,@7113b
1481,2018-07-13 22:33:15,@99sm4,1155.0,@hrh6u
1482,2018-07-13 22:33:15,@99sm4,1155.0,@58x4r
1483,2018-07-13 22:33:15,@eg64d,1156.0,@2s7bb
1484,2018-07-13 22:33:15,@9bvyy,1157.0,@61bfq
1485,2018-07-13 22:33:15,@9bvyy,1157.0,@lcn7z
1486,2018-07-13 22:33:15,@9bvyy,1157.0,@8vwn1
1487,2018-07-14 22:33:15,@u2m9a,1158.0,@6qqfz
1488,2018-07-14 22:33:15,@u2m9a,1158.0,@cfw1r
1489,2018-07-14 22:33:15,@u2m9a,1158.0,@5syh9
1490,2018-07-14 22:33:15,@u2m9a,1158.0,@fpg7q
1491,2018-07-14 22:33:15,@61bfq,1159.0,@5syh9
1492,2018-07-14 22:33:15,@61bfq,1159.0,@fpg7q
1493,2018-07-14 22:33:15,@26p4i,1160.0,@0yyjn
1494,2018-07-14 22:33:15,@6qqfz,1162.0,@9bvyy
1495,2018-07-14 22:33:15,@5syh9,1163.0,@7113b
1496,2018-07-14 22:33:15,@5syh9,1163.0,@hrh6u
1497,2018-07-14 22:33:15,@5syh9,1163.0,@6qqfz
1498,2018-07-14 22:33:15,@2s7bb,1164.0,@u2m9a
1499,2018-07-14 22:33:15,@2s7bb,1164.0,@0yyjn
1500,2018-07-14 22:33:15,@5syh9,1165.0,@99sm4
1501,2018-07-14 22:33:15,@5syh9,1165.0,@7113b
1502,2018-07-14 22:33:15,@9vkyy,1166.0,@2s7bb
1503,2018-07-14 22:33:15,@9vkyy,1166.0,@99sm4
1504,2018-07-14 22:33:15,@9vkyy,1166.0,@rsniw
1505,2018-07-14 22:33:15,@9vkyy,1166.0,@cfw1r
1506,2018-07-14 22:33:15,@7113b,1167.0,@u2m9a
1507,2018-07-14 22:33:15,@7113b,1167.0,@58x4r
1508,2018-07-14 22:33:15,@lcn7z,1168.0,@9vkyy
1509,2018-07-14 22:33:15,@lcn7z,1168.0,@6qqfz
1510,2018-07-14 22:33:15,@lcn7z,1168.0,@2s7bb
1511,2018-07-14 22:33:15,@6qqfz,1170.0,@7113b
1512,2018-07-14 22:33:15,@6qqfz,1170.0,@26p4i
1513,2018-07-14 22:33:15,@6qqfz,1170.0,@5syh9
1514,2018-07-14 22:33:15,@6qqfz,1170.0,@8vwn1
1515,2018-07-14 22:33:15,@6qqfz,1170.0,@lcn7z
1516,2018-07-14 22:33:15,@6qqfz,1170.0,@9bvyy
1517,2018-07-14 22:33:15,@6qqfz,1170.0,@99sm4
1518,2018-07-14 22:33:15,@99sm4,1171.0,@58x4r
1519,2018-07-14 22:33:15,@99sm4,1171.0,@hrh6u
1520,2018-07-14 22:33:15,@99sm4,1171.0,@5syh9
1521,2018-07-14 22:33:15,@61bfq,1172.0,@5syh9
1522,2018-07-14 22:33:15,@61bfq,1172.0,@fpg7q
1523,2018-07-14 22:33:15,@2s7bb,1173.0,@0yyjn
1524,2018-07-14 22:33:15,@2s7bb,1173.0,@9vkyy
1525,2018-07-14 22:33:15,@2s7bb,1173.0,@u2m9a
1526,2018-07-14 22:33:15,@rsniw,1174.0,@eg64d
1527,2018-07-14 22:33:15,@99sm4,1175.0,@58x4r
1528,2018-07-14 22:33:15,@99sm4,1175.0,@5syh9
1529,2018-07-14 22:33:15,@2s7bb,1176.0,@u2m9a
1530,2018-07-14 22:33:15,@2s7bb,1176.0,@9vkyy
1531,2018-07-14 22:33:15,@2s7bb,1176.0,@0yyjn
1532,2018-07-14 22:33:15,@2s7bb,1176.0,@cfw1r
1533,2018-07-14 22:33:15,@61bfq,1177.0,@hrh6u
1534,2018-07-14 22:33:15,@58x4r,1178.0,@eg64d
1535,2018-07-14 22:33:15,@eg64d,1179.0,@2s7bb
1536,2018-07-14 22:33:15,@eg64d,1179.0,@58x4r
1537,2018-07-14 22:33:15,@rsniw,1180.0,@2s7bb
1538,2018-07-14 22:33:15,@rsniw,1180.0,@eg64d
1539,2018-07-14 22:33:15,@rsniw,1180.0,@lcn7z
1540,2018-07-14 22:33:15,@cfw1r,1182.0,@u2m9a
1541,2018-07-14 22:33:15,@cfw1r,1182.0,@bp0nk
1542,2018-07-14 22:33:15,@cfw1r,1182.0,@9vkyy
1543,2018-07-14 22:33:15,@cfw1r,1182.0,@0yyjn
1544,2018-07-14 22:33:15,@cfw1r,1182.0,@99sm4
1545,2018-07-14 22:33:15,@cfw1r,1182.0,@61bfq
1546,2018-07-14 22:33:15,@5syh9,1184.0,@6qqfz
1547,2018-07-14 22:33:15,@5syh9,1184.0,@7113b
1548,2018-07-14 22:33:15,@5syh9,1184.0,@hrh6u
1549,2018-07-14 22:33:15,@5syh9,1184.0,@99sm4
1550,2018-07-14 22:33:15,@5syh9,1185.0,@7113b
1551,2018-07-14 22:33:15,@5syh9,1185.0,@6qqfz
1552,2018-07-14 22:33:15,@5syh9,1185.0,@hrh6u
1553,2018-07-14 22:33:15,@5syh9,1185.0,@99sm4
1554,2018-07-14 22:33:15,@u2m9a,1187.0,@fpg7q
1555,2018-07-14 22:33:15,@u2m9a,1187.0,@5syh9
1556,2018-07-14 22:33:15,@u2m9a,1187.0,@cfw1r
1557,2018-07-15 22:33:15,@8vwn1,1188.0,@0yyjn
1558,2018-07-15 22:33:15,@9bvyy,1189.0,@26p4i
1559,2018-07-15 22:33:15,@9bvyy,1189.0,@rsniw
1560,2018-07-15 22:33:15,@2s7bb,1190.0,@9vkyy
1561,2018-07-15 22:33:15,@2s7bb,1190.0,@cfw1r
1562,2018-07-15 22:33:15,@cfw1r,1191.0,@99sm4
1563,2018-07-15 22:33:15,@cfw1r,1191.0,@9vkyy
1564,2018-07-15 22:33:15,@cfw1r,1191.0,@61bfq
1565,2018-07-15 22:33:15,@8vwn1,1192.0,@9vkyy
1566,2018-07-15 22:33:15,@8vwn1,1192.0,@fpg7q
1567,2018-07-15 22:33:15,@8vwn1,1192.0,@0yyjn
1568,2018-07-15 22:33:15,@eg64d,1194.0,@58x4r
1569,2018-07-15 22:33:15,@eg64d,1194.0,@9bvyy
1570,2018-07-15 22:33:15,@eg64d,1194.0,@2s7bb
1571,2018-07-15 22:33:15,@26p4i,1195.0,@0yyjn
1572,2018-07-15 22:33:15,@26p4i,1195.0,@u2m9a
1573,2018-07-15 22:33:15,@26p4i,1195.0,@58x4r
1574,2018-07-15 22:33:15,@hrh6u,1197.0,@u2m9a
1575,2018-07-15 22:33:15,@hrh6u,1197.0,@58x4r
1576,2018-07-15 22:33:15,@hrh6u,1197.0,@eg64d
1577,2018-07-15 22:33:15,@lcn7z,1199.0,@9vkyy
1578,2018-07-15 22:33:15,@lcn7z,1199.0,@bp0nk
1579,2018-07-15 22:33:15,@lcn7z,1199.0,@2s7bb
1580,2018-07-15 22:33:15,@58x4r,1201.0,@5syh9
1581,2018-07-15 22:33:15,@58x4r,1201.0,@eg64d
1582,2018-07-15 22:33:15,@58x4r,1201.0,@hrh6u
1583,2018-07-15 22:33:15,@0yyjn,1202.0,@9bvyy
1584,2018-07-15 22:33:15,@hrh6u,1203.0,@58x4r
1585,2018-07-15 22:33:15,@hrh6u,1203.0,@99sm4
1586,2018-07-15 22:33:15,@hrh6u,1203.0,@u2m9a
1587,2018-07-15 22:33:15,@7113b,1204.0,@u2m9a
1588,2018-07-15 22:33:15,@7113b,1204.0,@58x4r
1589,2018-07-15 22:33:15,@58x4r,1205.0,@5syh9
1590,2018-07-15 22:33:15,@58x4r,1205.0,@rsniw
1591,2018-07-15 22:33:15,@58x4r,1205.0,@eg64d
1592,2018-07-15 22:33:15,@61bfq,1206.0,@5syh9
1593,2018-07-15 22:33:15,@61bfq,1206.0,@fpg7q
1594,2018-07-15 22:33:15,@9vkyy,1207.0,@rsniw
1595,2018-07-15 22:33:15,@9vkyy,1207.0,@8vwn1
1596,2018-07-15 22:33:15,@9vkyy,1207.0,@2s7bb
1597,2018-07-15 22:33:15,@9vkyy,1207.0,@99sm4
1598,2018-07-15 22:33:15,@7113b,1208.0,@5syh9
1599,2018-07-15 22:33:15,@7113b,1208.0,@u2m9a
1600,2018-07-15 22:33:15,@0yyjn,1209.0,@99sm4
1601,2018-07-15 22:33:15,@58x4r,1210.0,@hrh6u
1602,2018-07-15 22:33:15,@58x4r,1210.0,@eg64d
1603,2018-07-15 22:33:15,@58x4r,1210.0,@5syh9
1604,2018-07-15 22:33:15,@58x4r,1210.0,@rsniw
1605,2018-07-15 22:33:15,@9vkyy,1211.0,@2s7bb
1606,2018-07-15 22:33:15,@9vkyy,1211.0,@cfw1r
1607,2018-07-15 22:33:15,@9vkyy,1211.0,@rsniw
1608,2018-07-15 22:33:15,@9vkyy,1211.0,@8vwn1
1609,2018-07-15 22:33:15,@9vkyy,1211.0,@99sm4
1610,2018-07-15 22:33:15,@lcn7z,1212.0,@bp0nk
1611,2018-07-15 22:33:15,@lcn7z,1212.0,@9vkyy
1612,2018-07-15 22:33:15,@lcn7z,1212.0,@2s7bb
1613,2018-07-15 22:33:15,@lcn7z,1212.0,@6qqfz
1614,2018-07-15 22:33:15,@u2m9a,1213.0,@fpg7q
1615,2018-07-15 22:33:15,@u2m9a,1213.0,@6qqfz
1616,2018-07-15 22:33:15,@u2m9a,1214.0,@fpg7q
1617,2018-07-15 22:33:15,@u2m9a,1214.0,@5syh9
1618,2018-07-15 22:33:15,@9vkyy,1216.0,@hrh6u
1619,2018-07-15 22:33:15,@9vkyy,1216.0,@cfw1r
1620,2018-07-15 22:33:15,@9vkyy,1216.0,@rsniw
1621,2018-07-15 22:33:15,@bp0nk,1217.0,@99sm4
1622,2018-07-16 22:33:15,@99sm4,1220.0,@hrh6u
1623,2018-07-16 22:33:15,@61bfq,1221.0,@hrh6u
1624,2018-07-16 22:33:15,@61bfq,1221.0,@fpg7q
1625,2018-07-16 22:33:15,@99sm4,1222.0,@58x4r
1626,2018-07-16 22:33:15,@99sm4,1222.0,@hrh6u
1627,2018-07-16 22:33:15,@99sm4,1222.0,@5syh9
1628,2018-07-16 22:33:15,@6qqfz,1223.0,@7113b
1629,2018-07-16 22:33:15,@6qqfz,1223.0,@26p4i
1630,2018-07-16 22:33:15,@6qqfz,1223.0,@99sm4
1631,2018-07-16 22:33:15,@6qqfz,1223.0,@lcn7z
1632,2018-07-16 22:33:15,@6qqfz,1223.0,@5syh9
1633,2018-07-16 22:33:15,@6qqfz,1223.0,@8vwn1
1634,2018-07-16 22:33:15,@u2m9a,1224.0,@5syh9
1635,2018-07-16 22:33:15,@u2m9a,1224.0,@fpg7q
1636,2018-07-16 22:33:15,@61bfq,1227.0,@fpg7q
1637,2018-07-16 22:33:15,@61bfq,1227.0,@5syh9
1638,2018-07-16 22:33:15,@61bfq,1227.0,@hrh6u
1639,2018-07-16 22:33:15,@5syh9,1228.0,@7113b
1640,2018-07-16 22:33:15,@5syh9,1228.0,@hrh6u
1641,2018-07-16 22:33:15,@5syh9,1228.0,@99sm4
1642,2018-07-16 22:33:15,@99sm4,1229.0,@58x4r
1643,2018-07-16 22:33:15,@99sm4,1229.0,@hrh6u
1644,2018-07-16 22:33:15,@99sm4,1229.0,@5syh9
1645,2018-07-16 22:33:15,@u2m9a,1230.0,@fpg7q
1646,2018-07-16 22:33:15,@9bvyy,1231.0,@58x4r
1647,2018-07-16 22:33:15,@9bvyy,1231.0,@6qqfz
1648,2018-07-16 22:33:15,@8vwn1,1233.0,@99sm4
1649,2018-07-16 22:33:15,@fpg7q,1234.0,@bp0nk
1650,2018-07-16 22:33:15,@26p4i,1235.0,@58x4r
1651,2018-07-16 22:33:15,@99sm4,1236.0,@hrh6u
1652,2018-07-16 22:33:15,@99sm4,1236.0,@5syh9
1653,2018-07-16 22:33:15,@2s7bb,1237.0,@cfw1r
1654,2018-07-16 22:33:15,@8vwn1,1238.0,@0yyjn
1655,2018-07-16 22:33:15,@8vwn1,1238.0,@99sm4
1656,2018-07-16 22:33:15,@8vwn1,1238.0,@fpg7q
1657,2018-07-16 22:33:15,@cfw1r,1239.0,@99sm4
1658,2018-07-16 22:33:15,@cfw1r,1239.0,@bp0nk
1659,2018-07-16 22:33:15,@lcn7z,1240.0,@2s7bb
1660,2018-07-16 22:33:15,@0yyjn,1241.0,@99sm4
1661,2018-07-16 22:33:15,@cfw1r,1245.0,@61bfq
1662,2018-07-16 22:33:15,@cfw1r,1245.0,@0yyjn
1663,2018-07-16 22:33:15,@2s7bb,1246.0,@cfw1r
1664,2018-07-16 22:33:15,@2s7bb,1246.0,@9vkyy
1665,2018-07-17 22:33:15,@cfw1r,1249.0,@99sm4
1666,2018-07-17 22:33:15,@cfw1r,1249.0,@bp0nk
1667,2018-07-17 22:33:15,@cfw1r,1249.0,@u2m9a
1668,2018-07-17 22:33:15,@0yyjn,1250.0,@9vkyy
1669,2018-07-17 22:33:15,@61bfq,1251.0,@hrh6u
1670,2018-07-17 22:33:15,@61bfq,1251.0,@fpg7q
1671,2018-07-17 22:33:15,@61bfq,1251.0,@5syh9
1672,2018-07-17 22:33:15,@fpg7q,1253.0,@bp0nk
1673,2018-07-17 22:33:15,@fpg7q,1253.0,@hrh6u
1674,2018-07-17 22:33:15,@fpg7q,1253.0,@u2m9a
1675,2018-07-17 22:33:15,@61bfq,1255.0,@hrh6u
1676,2018-07-17 22:33:15,@fpg7q,1257.0,@u2m9a
1677,2018-07-17 22:33:15,@fpg7q,1257.0,@hrh6u
1678,2018-07-17 22:33:15,@rsniw,1259.0,@lcn7z
1679,2018-07-17 22:33:15,@rsniw,1259.0,@2s7bb
1680,2018-07-17 22:33:15,@rsniw,1259.0,@eg64d
1681,2018-07-17 22:33:15,@lcn7z,1261.0,@6qqfz
1682,2018-07-17 22:33:15,@lcn7z,1261.0,@2s7bb
1683,2018-07-17 22:33:15,@lcn7z,1261.0,@bp0nk
1684,2018-07-17 22:33:15,@cfw1r,1262.0,@0yyjn
1685,2018-07-17 22:33:15,@9bvyy,1263.0,@rsniw
1686,2018-07-17 22:33:15,@9bvyy,1263.0,@61bfq
1687,2018-07-17 22:33:15,@9bvyy,1263.0,@58x4r
1688,2018-07-17 22:33:15,@9bvyy,1263.0,@8vwn1
1689,2018-07-17 22:33:15,@9bvyy,1263.0,@lcn7z
1690,2018-07-17 22:33:15,@9vkyy,1264.0,@hrh6u
1691,2018-07-17 22:33:15,@9vkyy,1264.0,@cfw1r
1692,2018-07-17 22:33:15,@fpg7q,1265.0,@u2m9a
1693,2018-07-17 22:33:15,@8vwn1,1266.0,@9vkyy
1694,2018-07-17 22:33:15,@8vwn1,1266.0,@99sm4
1695,2018-07-17 22:33:15,@0yyjn,1267.0,@99sm4
1696,2018-07-17 22:33:15,@0yyjn,1267.0,@9bvyy
1697,2018-07-17 22:33:15,@u2m9a,1269.0,@cfw1r
1698,2018-07-17 22:33:15,@u2m9a,1269.0,@5syh9
1699,2018-07-17 22:33:15,@u2m9a,1269.0,@fpg7q
1700,2018-07-17 22:33:15,@2s7bb,1270.0,@9vkyy
1701,2018-07-17 22:33:15,@2s7bb,1270.0,@u2m9a
1702,2018-07-17 22:33:15,@2s7bb,1270.0,@0yyjn
1703,2018-07-17 22:33:15,@hrh6u,1272.0,@u2m9a
1704,2018-07-17 22:33:15,@hrh6u,1272.0,@eg64d
1705,2018-07-17 22:33:15,@hrh6u,1272.0,@58x4r
1706,2018-07-17 22:33:15,@hrh6u,1272.0,@99sm4
1707,2018-07-17 22:33:15,@5syh9,1273.0,@hrh6u
1708,2018-07-17 22:33:15,@7113b,1274.0,@58x4r
1709,2018-07-17 22:33:15,@7113b,1274.0,@u2m9a
1710,2018-07-17 22:33:15,@7113b,1274.0,@5syh9
1711,2018-07-17 22:33:15,@58x4r,1275.0,@hrh6u
1712,2018-07-17 22:33:15,@61bfq,1276.0,@hrh6u
1713,2018-07-17 22:33:15,@61bfq,1276.0,@5syh9
1714,2018-07-17 22:33:15,@61bfq,1276.0,@fpg7q
1715,2018-07-17 22:33:15,@9vkyy,1277.0,@8vwn1
1716,2018-07-17 22:33:15,@9vkyy,1277.0,@cfw1r
1717,2018-07-17 22:33:15,@9vkyy,1277.0,@99sm4
1718,2018-07-17 22:33:15,@9vkyy,1277.0,@2s7bb
1719,2018-07-17 22:33:15,@9vkyy,1277.0,@rsniw
1720,2018-07-17 22:33:15,@9vkyy,1277.0,@hrh6u
1721,2018-07-18 22:33:15,@u2m9a,1279.0,@5syh9
1722,2018-07-18 22:33:15,@u2m9a,1279.0,@fpg7q
1723,2018-07-18 22:33:15,@0yyjn,1283.0,@99sm4
1724,2018-07-18 22:33:15,@0yyjn,1283.0,@9bvyy
1725,2018-07-18 22:33:15,@99sm4,1284.0,@hrh6u
1726,2018-07-18 22:33:15,@99sm4,1284.0,@5syh9
1727,2018-07-18 22:33:15,@cfw1r,1285.0,@9vkyy
1728,2018-07-18 22:33:15,@cfw1r,1285.0,@61bfq
1729,2018-07-18 22:33:15,@cfw1r,1285.0,@bp0nk
1730,2018-07-18 22:33:15,@lcn7z,1289.0,@2s7bb
1731,2018-07-18 22:33:15,@lcn7z,1289.0,@9vkyy
1732,2018-07-18 22:33:15,@lcn7z,1290.0,@bp0nk
1733,2018-07-18 22:33:15,@61bfq,1291.0,@5syh9
1734,2018-07-18 22:33:15,@bp0nk,1292.0,@u2m9a
1735,2018-07-18 22:33:15,@bp0nk,1292.0,@99sm4
1736,2018-07-18 22:33:15,@0yyjn,1293.0,@9bvyy
1737,2018-07-18 22:33:15,@0yyjn,1293.0,@9vkyy
1738,2018-07-18 22:33:15,@0yyjn,1293.0,@99sm4
1739,2018-07-18 22:33:15,@8vwn1,1294.0,@99sm4
1740,2018-07-18 22:33:15,@58x4r,1295.0,@eg64d
1741,2018-07-18 22:33:15,@58x4r,1295.0,@rsniw
1742,2018-07-18 22:33:15,@58x4r,1295.0,@5syh9
1743,2018-07-18 22:33:15,@9vkyy,1296.0,@2s7bb
1744,2018-07-18 22:33:15,@9vkyy,1296.0,@hrh6u
1745,2018-07-18 22:33:15,@9vkyy,1296.0,@99sm4
1746,2018-07-18 22:33:15,@9vkyy,1296.0,@8vwn1
1747,2018-07-18 22:33:15,@9vkyy,1296.0,@rsniw
1748,2018-07-18 22:33:15,@9vkyy,1297.0,@99sm4
1749,2018-07-18 22:33:15,@9vkyy,1297.0,@8vwn1
1750,2018-07-18 22:33:15,@9vkyy,1297.0,@cfw1r
1751,2018-07-18 22:33:15,@9vkyy,1297.0,@2s7bb
1752,2018-07-18 22:33:15,@9vkyy,1297.0,@hrh6u
1753,2018-07-18 22:33:15,@9vkyy,1297.0,@rsniw
1754,2018-07-18 22:33:15,@lcn7z,1298.0,@6qqfz
1755,2018-07-18 22:33:15,@lcn7z,1298.0,@2s7bb
1756,2018-07-18 22:33:15,@lcn7z,1298.0,@9vkyy
1757,2018-07-18 22:33:15,@u2m9a,1299.0,@6qqfz
1758,2018-07-18 22:33:15,@u2m9a,1299.0,@cfw1r
1759,2018-07-18 22:33:15,@u2m9a,1299.0,@fpg7q
1760,2018-07-18 22:33:15,@u2m9a,1299.0,@5syh9
1761,2018-07-18 22:33:15,@eg64d,1301.0,@2s7bb
1762,2018-07-18 22:33:15,@eg64d,1301.0,@9bvyy
1763,2018-07-18 22:33:15,@eg64d,1301.0,@58x4r
1764,2018-07-18 22:33:15,@u2m9a,1302.0,@6qqfz
1765,2018-07-18 22:33:15,@u2m9a,1302.0,@cfw1r
1766,2018-07-18 22:33:15,@cfw1r,1303.0,@9vkyy
1767,2018-07-18 22:33:15,@cfw1r,1303.0,@99sm4
1768,2018-07-18 22:33:15,@cfw1r,1303.0,@0yyjn
1769,2018-07-18 22:33:15,@hrh6u,1304.0,@99sm4
1770,2018-07-18 22:33:15,@lcn7z,1305.0,@2s7bb
1771,2018-07-18 22:33:15,@9bvyy,1306.0,@rsniw
1772,2018-07-18 22:33:15,@9bvyy,1306.0,@58x4r
1773,2018-07-18 22:33:15,@u2m9a,1307.0,@5syh9
1774,2018-07-18 22:33:15,@u2m9a,1307.0,@6qqfz
1775,2018-07-18 22:33:15,@u2m9a,1307.0,@fpg7q
1776,2018-07-18 22:33:15,@u2m9a,1307.0,@cfw1r
1777,2018-07-19 22:33:15,@9bvyy,1308.0,@26p4i
1778,2018-07-19 22:33:15,@eg64d,1310.0,@58x4r
1779,2018-07-19 22:33:15,@2s7bb,1311.0,@u2m9a
1780,2018-07-19 22:33:15,@2s7bb,1311.0,@cfw1r
1781,2018-07-19 22:33:15,@9vkyy,1312.0,@hrh6u
1782,2018-07-19 22:33:15,@5syh9,1315.0,@6qqfz
1783,2018-07-19 22:33:15,@5syh9,1315.0,@hrh6u
1784,2018-07-19 22:33:15,@7113b,1316.0,@58x4r
1785,2018-07-19 22:33:15,@7113b,1316.0,@u2m9a
1786,2018-07-19 22:33:15,@7113b,1316.0,@5syh9
1787,2018-07-19 22:33:15,@9vkyy,1317.0,@rsniw
1788,2018-07-19 22:33:15,@9vkyy,1317.0,@cfw1r
1789,2018-07-19 22:33:15,@9vkyy,1317.0,@99sm4
1790,2018-07-19 22:33:15,@9vkyy,1317.0,@8vwn1
1791,2018-07-19 22:33:15,@9vkyy,1317.0,@2s7bb
1792,2018-07-19 22:33:15,@9vkyy,1317.0,@hrh6u
1793,2018-07-19 22:33:15,@fpg7q,1318.0,@hrh6u
1794,2018-07-19 22:33:15,@hrh6u,1320.0,@eg64d
1795,2018-07-19 22:33:15,@hrh6u,1320.0,@u2m9a
1796,2018-07-19 22:33:15,@hrh6u,1320.0,@58x4r
1797,2018-07-19 22:33:15,@u2m9a,1321.0,@6qqfz
1798,2018-07-19 22:33:15,@u2m9a,1321.0,@cfw1r
1799,2018-07-19 22:33:15,@u2m9a,1321.0,@fpg7q
1800,2018-07-19 22:33:15,@u2m9a,1321.0,@5syh9
1801,2018-07-19 22:33:15,@9vkyy,1323.0,@8vwn1
1802,2018-07-19 22:33:15,@9vkyy,1323.0,@cfw1r
1803,2018-07-19 22:33:15,@9vkyy,1323.0,@99sm4
1804,2018-07-19 22:33:15,@9vkyy,1323.0,@2s7bb
1805,2018-07-19 22:33:15,@5syh9,1324.0,@6qqfz
1806,2018-07-19 22:33:15,@5syh9,1324.0,@99sm4
1807,2018-07-19 22:33:15,@5syh9,1324.0,@hrh6u
1808,2018-07-19 22:33:15,@5syh9,1324.0,@7113b
1809,2018-07-19 22:33:15,@u2m9a,1326.0,@cfw1r
1810,2018-07-19 22:33:15,@u2m9a,1326.0,@fpg7q
1811,2018-07-19 22:33:15,@7113b,1327.0,@5syh9
1812,2018-07-19 22:33:15,@7113b,1327.0,@u2m9a
1813,2018-07-19 22:33:15,@7113b,1330.0,@5syh9
1814,2018-07-19 22:33:15,@7113b,1330.0,@58x4r
1815,2018-07-19 22:33:15,@58x4r,1331.0,@eg64d
1816,2018-07-19 22:33:15,@58x4r,1331.0,@5syh9
1817,2018-07-19 22:33:15,@58x4r,1331.0,@hrh6u
1818,2018-07-19 22:33:15,@99sm4,1333.0,@58x4r
1819,2018-07-19 22:33:15,@99sm4,1333.0,@5syh9
1820,2018-07-19 22:33:15,@58x4r,1334.0,@5syh9
1821,2018-07-19 22:33:15,@58x4r,1334.0,@rsniw
1822,2018-07-19 22:33:15,@58x4r,1334.0,@eg64d
1823,2018-07-19 22:33:15,@58x4r,1334.0,@hrh6u
1824,2018-07-19 22:33:15,@u2m9a,1335.0,@5syh9
1825,2018-07-19 22:33:15,@u2m9a,1335.0,@6qqfz
1826,2018-07-19 22:33:15,@u2m9a,1335.0,@cfw1r
1827,2018-07-19 22:33:15,@u2m9a,1335.0,@fpg7q
1828,2018-07-19 22:33:15,@99sm4,1336.0,@5syh9
1829,2018-07-19 22:33:15,@0yyjn,1337.0,@9vkyy
1830,2018-07-19 22:33:15,@0yyjn,1337.0,@99sm4
1831,2018-07-20 22:33:15,@9vkyy,1340.0,@8vwn1
1832,2018-07-20 22:33:15,@8vwn1,1342.0,@99sm4
1833,2018-07-20 22:33:15,@8vwn1,1342.0,@fpg7q
1834,2018-07-20 22:33:15,@26p4i,1343.0,@0yyjn
1835,2018-07-20 22:33:15,@hrh6u,1344.0,@eg64d
1836,2018-07-20 22:33:15,@hrh6u,1344.0,@99sm4
1837,2018-07-20 22:33:15,@hrh6u,1344.0,@58x4r
1838,2018-07-20 22:33:15,@hrh6u,1344.0,@u2m9a
1839,2018-07-20 22:33:15,@rsniw,1345.0,@lcn7z
1840,2018-07-20 22:33:15,@rsniw,1345.0,@eg64d
1841,2018-07-20 22:33:15,@rsniw,1345.0,@2s7bb
1842,2018-07-20 22:33:15,@2s7bb,1346.0,@u2m9a
1843,2018-07-20 22:33:15,@2s7bb,1346.0,@9vkyy
1844,2018-07-20 22:33:15,@2s7bb,1346.0,@0yyjn
1845,2018-07-20 22:33:15,@0yyjn,1347.0,@9bvyy
1846,2018-07-20 22:33:15,@58x4r,1348.0,@rsniw
1847,2018-07-20 22:33:15,@9bvyy,1349.0,@6qqfz
1848,2018-07-20 22:33:15,@9bvyy,1349.0,@8vwn1
1849,2018-07-20 22:33:15,@9bvyy,1349.0,@rsniw
1850,2018-07-20 22:33:15,@9bvyy,1349.0,@26p4i
1851,2018-07-20 22:33:15,@9bvyy,1349.0,@lcn7z
1852,2018-07-20 22:33:15,@9bvyy,1349.0,@58x4r
1853,2018-07-20 22:33:15,@rsniw,1350.0,@lcn7z
1854,2018-07-20 22:33:15,@rsniw,1350.0,@eg64d
1855,2018-07-20 22:33:15,@rsniw,1350.0,@2s7bb
1856,2018-07-20 22:33:15,@5syh9,1351.0,@6qqfz
1857,2018-07-20 22:33:15,@5syh9,1351.0,@99sm4
1858,2018-07-20 22:33:15,@lcn7z,1352.0,@6qqfz
1859,2018-07-20 22:33:15,@lcn7z,1352.0,@bp0nk
1860,2018-07-20 22:33:15,@lcn7z,1352.0,@9vkyy
1861,2018-07-20 22:33:15,@lcn7z,1352.0,@2s7bb
1862,2018-07-20 22:33:15,@cfw1r,1353.0,@99sm4
1863,2018-07-20 22:33:15,@cfw1r,1353.0,@bp0nk
1864,2018-07-20 22:33:15,@lcn7z,1355.0,@6qqfz
1865,2018-07-20 22:33:15,@lcn7z,1355.0,@9vkyy
1866,2018-07-20 22:33:15,@lcn7z,1355.0,@bp0nk
1867,2018-07-20 22:33:15,@lcn7z,1355.0,@2s7bb
1868,2018-07-20 22:33:15,@99sm4,1357.0,@5syh9
1869,2018-07-20 22:33:15,@99sm4,1357.0,@58x4r
1870,2018-07-20 22:33:15,@99sm4,1357.0,@hrh6u
1871,2018-07-20 22:33:15,@eg64d,1358.0,@2s7bb
1872,2018-07-20 22:33:15,@eg64d,1358.0,@9bvyy
1873,2018-07-20 22:33:15,@cfw1r,1359.0,@9vkyy
1874,2018-07-20 22:33:15,@cfw1r,1359.0,@bp0nk
1875,2018-07-20 22:33:15,@cfw1r,1359.0,@u2m9a
1876,2018-07-20 22:33:15,@cfw1r,1359.0,@61bfq
1877,2018-07-20 22:33:15,@hrh6u,1360.0,@58x4r
1878,2018-07-20 22:33:15,@hrh6u,1360.0,@99sm4
1879,2018-07-20 22:33:15,@hrh6u,1360.0,@u2m9a
1880,2018-07-20 22:33:15,@hrh6u,1360.0,@eg64d
1881,2018-07-20 22:33:15,@u2m9a,1361.0,@fpg7q
1882,2018-07-20 22:33:15,@u2m9a,1361.0,@6qqfz
1883,2018-07-20 22:33:15,@u2m9a,1361.0,@5syh9
1884,2018-07-20 22:33:15,@61bfq,1362.0,@fpg7q
1885,2018-07-20 22:33:15,@cfw1r,1365.0,@u2m9a
1886,2018-07-20 22:33:15,@cfw1r,1365.0,@99sm4
1887,2018-07-20 22:33:15,@cfw1r,1365.0,@0yyjn
1888,2018-07-20 22:33:15,@cfw1r,1365.0,@bp0nk
1889,2018-07-20 22:33:15,@hrh6u,1366.0,@eg64d
1890,2018-07-20 22:33:15,@hrh6u,1366.0,@99sm4
1891,2018-07-20 22:33:15,@hrh6u,1366.0,@58x4r
1892,2018-07-20 22:33:15,@lcn7z,1367.0,@6qqfz
1893,2018-07-20 22:33:15,@lcn7z,1367.0,@2s7bb
1894,2018-07-20 22:33:15,@lcn7z,1367.0,@bp0nk
1895,2018-07-20 22:33:15,@lcn7z,1367.0,@9vkyy
1896,2018-07-21 22:33:15,@fpg7q,1368.0,@bp0nk
1897,2018-07-21 22:33:15,@fpg7q,1368.0,@hrh6u
1898,2018-07-21 22:33:15,@fpg7q,1368.0,@u2m9a
1899,2018-07-21 22:33:15,@6qqfz,1369.0,@9bvyy
1900,2018-07-21 22:33:15,@6qqfz,1369.0,@99sm4
1901,2018-07-21 22:33:15,@6qqfz,1369.0,@7113b
1902,2018-07-21 22:33:15,@6qqfz,1369.0,@5syh9
1903,2018-07-21 22:33:15,@6qqfz,1369.0,@26p4i
1904,2018-07-21 22:33:15,@hrh6u,1370.0,@u2m9a
1905,2018-07-21 22:33:15,@fpg7q,1372.0,@u2m9a
1906,2018-07-21 22:33:15,@fpg7q,1372.0,@hrh6u
1907,2018-07-21 22:33:15,@6qqfz,1373.0,@5syh9
1908,2018-07-21 22:33:15,@6qqfz,1373.0,@99sm4
1909,2018-07-21 22:33:15,@6qqfz,1373.0,@26p4i
1910,2018-07-21 22:33:15,@bp0nk,1374.0,@u2m9a
1911,2018-07-21 22:33:15,@hrh6u,1375.0,@58x4r
1912,2018-07-21 22:33:15,@hrh6u,1375.0,@u2m9a
1913,2018-07-21 22:33:15,@hrh6u,1375.0,@99sm4
1914,2018-07-21 22:33:15,@9bvyy,1376.0,@58x4r
1915,2018-07-21 22:33:15,@9bvyy,1376.0,@8vwn1
1916,2018-07-21 22:33:15,@9bvyy,1376.0,@6qqfz
1917,2018-07-21 22:33:15,@9bvyy,1376.0,@lcn7z
1918,2018-07-21 22:33:15,@9bvyy,1376.0,@rsniw
1919,2018-07-21 22:33:15,@9bvyy,1376.0,@61bfq
1920,2018-07-21 22:33:15,@9bvyy,1376.0,@26p4i
1921,2018-07-21 22:33:15,@2s7bb,1379.0,@9vkyy
1922,2018-07-21 22:33:15,@2s7bb,1379.0,@u2m9a
1923,2018-07-21 22:33:15,@2s7bb,1379.0,@cfw1r
1924,2018-07-21 22:33:15,@2s7bb,1379.0,@0yyjn
1925,2018-07-21 22:33:15,@eg64d,1380.0,@9bvyy
1926,2018-07-21 22:33:15,@eg64d,1380.0,@2s7bb
1927,2018-07-21 22:33:15,@26p4i,1381.0,@58x4r
1928,2018-07-21 22:33:15,@26p4i,1381.0,@0yyjn
1929,2018-07-21 22:33:15,@26p4i,1381.0,@u2m9a
1930,2018-07-21 22:33:15,@61bfq,1382.0,@fpg7q
1931,2018-07-21 22:33:15,@rsniw,1383.0,@eg64d
1932,2018-07-21 22:33:15,@rsniw,1383.0,@lcn7z
1933,2018-07-21 22:33:15,@8vwn1,1384.0,@99sm4
1934,2018-07-21 22:33:15,@8vwn1,1384.0,@fpg7q
1935,2018-07-21 22:33:15,@8vwn1,1384.0,@0yyjn
1936,2018-07-21 22:33:15,@8vwn1,1384.0,@9vkyy
1937,2018-07-21 22:33:15,@9vkyy,1385.0,@99sm4
1938,2018-07-21 22:33:15,@2s7bb,1387.0,@0yyjn
1939,2018-07-21 22:33:15,@2s7bb,1387.0,@9vkyy
1940,2018-07-21 22:33:15,@2s7bb,1387.0,@cfw1r
1941,2018-07-21 22:33:15,@2s7bb,1388.0,@cfw1r
1942,2018-07-21 22:33:15,@2s7bb,1388.0,@0yyjn
1943,2018-07-21 22:33:15,@2s7bb,1388.0,@9vkyy
1944,2018-07-21 22:33:15,@2s7bb,1388.0,@u2m9a
1945,2018-07-21 22:33:15,@9bvyy,1389.0,@lcn7z
1946,2018-07-21 22:33:15,@9bvyy,1389.0,@rsniw
1947,2018-07-21 22:33:15,@9bvyy,1389.0,@61bfq
1948,2018-07-21 22:33:15,@9bvyy,1389.0,@6qqfz
1949,2018-07-21 22:33:15,@9bvyy,1389.0,@8vwn1
1950,2018-07-21 22:33:15,@9bvyy,1389.0,@58x4r
1951,2018-07-21 22:33:15,@9bvyy,1389.0,@26p4i
1952,2018-07-21 22:33:15,@cfw1r,1390.0,@61bfq
1953,2018-07-21 22:33:15,@cfw1r,1390.0,@0yyjn
1954,2018-07-21 22:33:15,@0yyjn,1393.0,@9bvyy
1955,2018-07-21 22:33:15,@0yyjn,1393.0,@9vkyy
1956,2018-07-21 22:33:15,@cfw1r,1395.0,@61bfq
1957,2018-07-21 22:33:15,@cfw1r,1395.0,@9vkyy
1958,2018-07-21 22:33:15,@cfw1r,1395.0,@bp0nk
1959,2018-07-21 22:33:15,@cfw1r,1395.0,@99sm4
1960,2018-07-21 22:33:15,@cfw1r,1395.0,@u2m9a
1961,2018-07-21 22:33:15,@cfw1r,1395.0,@0yyjn
1962,2018-07-21 22:33:15,@u2m9a,1396.0,@fpg7q
1963,2018-07-21 22:33:15,@u2m9a,1397.0,@5syh9
1964,2018-07-21 22:33:15,@u2m9a,1397.0,@cfw1r
1965,2018-07-21 22:33:15,@u2m9a,1397.0,@fpg7q
1966,2018-07-22 22:33:15,@hrh6u,1398.0,@eg64d
1967,2018-07-22 22:33:15,@bp0nk,1399.0,@99sm4
1968,2018-07-22 22:33:15,@8vwn1,1400.0,@99sm4
1969,2018-07-22 22:33:15,@8vwn1,1400.0,@fpg7q
1970,2018-07-22 22:33:15,@8vwn1,1400.0,@9vkyy
1971,2018-07-22 22:33:15,@cfw1r,1401.0,@bp0nk
1972,2018-07-22 22:33:15,@cfw1r,1401.0,@u2m9a
1973,2018-07-22 22:33:15,@cfw1r,1401.0,@61bfq
1974,2018-07-22 22:33:15,@9vkyy,1402.0,@8vwn1
1975,2018-07-22 22:33:15,@26p4i,1404.0,@58x4r
1976,2018-07-22 22:33:15,@0yyjn,1405.0,@9vkyy
1977,2018-07-22 22:33:15,@0yyjn,1405.0,@99sm4
1978,2018-07-22 22:33:15,@0yyjn,1405.0,@9bvyy
1979,2018-07-22 22:33:15,@cfw1r,1407.0,@99sm4
1980,2018-07-22 22:33:15,@cfw1r,1407.0,@61bfq
1981,2018-07-22 22:33:15,@bp0nk,1409.0,@u2m9a
1982,2018-07-22 22:33:15,@bp0nk,1409.0,@99sm4
1983,2018-07-22 22:33:15,@lcn7z,1412.0,@bp0nk
1984,2018-07-22 22:33:15,@lcn7z,1412.0,@9vkyy
1985,2018-07-22 22:33:15,@lcn7z,1412.0,@2s7bb
1986,2018-07-22 22:33:15,@lcn7z,1412.0,@6qqfz
1987,2018-07-22 22:33:15,@6qqfz,1415.0,@26p4i
1988,2018-07-22 22:33:15,@6qqfz,1415.0,@9bvyy
1989,2018-07-22 22:33:15,@6qqfz,1415.0,@8vwn1
1990,2018-07-22 22:33:15,@6qqfz,1415.0,@lcn7z
1991,2018-07-22 22:33:15,@26p4i,1416.0,@u2m9a
1992,2018-07-22 22:33:15,@5syh9,1418.0,@7113b
1993,2018-07-22 22:33:15,@eg64d,1420.0,@9bvyy
1994,2018-07-22 22:33:15,@6qqfz,1422.0,@lcn7z
1995,2018-07-22 22:33:15,@cfw1r,1423.0,@u2m9a
1996,2018-07-22 22:33:15,@cfw1r,1423.0,@bp0nk
1997,2018-07-22 22:33:15,@cfw1r,1423.0,@99sm4
1998,2018-07-22 22:33:15,@8vwn1,1424.0,@0yyjn
1999,2018-07-22 22:33:15,@8vwn1,1424.0,@fpg7q
2000,2018-07-22 22:33:15,@99sm4,1425.0,@58x4r
2001,2018-07-22 22:33:15,@99sm4,1425.0,@5syh9
2002,2018-07-22 22:33:15,@0yyjn,1426.0,@9vkyy
2003,2018-07-22 22:33:15,@0yyjn,1426.0,@99sm4
2004,2018-07-22 22:33:15,@0yyjn,1426.0,@9bvyy
2005,2018-07-22 22:33:15,@cfw1r,1427.0,@bp0nk
2006,2018-07-23 22:33:15,@61bfq,1428.0,@fpg7q
2007,2018-07-23 22:33:15,@61bfq,1428.0,@hrh6u
2008,2018-07-23 22:33:15,@hrh6u,1431.0,@eg64d
2009,2018-07-23 22:33:15,@hrh6u,1431.0,@99sm4
2010,2018-07-23 22:33:15,@hrh6u,1431.0,@u2m9a
2011,2018-07-23 22:33:15,@61bfq,1432.0,@fpg7q
2012,2018-07-23 22:33:15,@0yyjn,1433.0,@99sm4
2013,2018-07-23 22:33:15,@0yyjn,1433.0,@9vkyy
2014,2018-07-23 22:33:15,@9vkyy,1434.0,@2s7bb
2015,2018-07-23 22:33:15,@9vkyy,1434.0,@8vwn1
2016,2018-07-23 22:33:15,@9vkyy,1434.0,@hrh6u
2017,2018-07-23 22:33:15,@9vkyy,1434.0,@99sm4
2018,2018-07-23 22:33:15,@9vkyy,1434.0,@rsniw
2019,2018-07-23 22:33:15,@7113b,1435.0,@58x4r
2020,2018-07-23 22:33:15,@7113b,1435.0,@5syh9
2021,2018-07-23 22:33:15,@hrh6u,1436.0,@99sm4
2022,2018-07-23 22:33:15,@hrh6u,1436.0,@u2m9a
2023,2018-07-23 22:33:15,@hrh6u,1436.0,@58x4r
2024,2018-07-23 22:33:15,@58x4r,1437.0,@eg64d
2025,2018-07-23 22:33:15,@58x4r,1437.0,@hrh6u
2026,2018-07-23 22:33:15,@rsniw,1438.0,@eg64d
2027,2018-07-23 22:33:15,@rsniw,1438.0,@2s7bb
2028,2018-07-23 22:33:15,@rsniw,1438.0,@lcn7z
2029,2018-07-23 22:33:15,@fpg7q,1439.0,@bp0nk
2030,2018-07-23 22:33:15,@fpg7q,1439.0,@u2m9a
2031,2018-07-23 22:33:15,@fpg7q,1439.0,@hrh6u
2032,2018-07-23 22:33:15,@61bfq,1441.0,@hrh6u
2033,2018-07-23 22:33:15,@61bfq,1441.0,@5syh9
2034,2018-07-23 22:33:15,@8vwn1,1442.0,@fpg7q
2035,2018-07-23 22:33:15,@8vwn1,1442.0,@9vkyy
2036,2018-07-23 22:33:15,@8vwn1,1442.0,@99sm4
2037,2018-07-23 22:33:15,@9vkyy,1443.0,@hrh6u
2038,2018-07-23 22:33:15,@9vkyy,1443.0,@rsniw
2039,2018-07-23 22:33:15,@9vkyy,1443.0,@cfw1r
2040,2018-07-23 22:33:15,@2s7bb,1445.0,@9vkyy
2041,2018-07-23 22:33:15,@9vkyy,1446.0,@hrh6u
2042,2018-07-23 22:33:15,@9vkyy,1447.0,@8vwn1
2043,2018-07-23 22:33:15,@9vkyy,1447.0,@cfw1r
2044,2018-07-23 22:33:15,@9vkyy,1447.0,@99sm4
2045,2018-07-23 22:33:15,@9vkyy,1447.0,@2s7bb
2046,2018-07-23 22:33:15,@0yyjn,1448.0,@99sm4
2047,2018-07-23 22:33:15,@0yyjn,1448.0,@9bvyy
2048,2018-07-23 22:33:15,@0yyjn,1448.0,@9vkyy
2049,2018-07-23 22:33:15,@5syh9,1449.0,@6qqfz
2050,2018-07-23 22:33:15,@99sm4,1450.0,@5syh9
2051,2018-07-23 22:33:15,@5syh9,1452.0,@6qqfz
2052,2018-07-23 22:33:15,@5syh9,1452.0,@hrh6u
2053,2018-07-23 22:33:15,@5syh9,1457.0,@6qqfz
2054,2018-07-24 22:33:15,@2s7bb,1458.0,@cfw1r
2055,2018-07-24 22:33:15,@99sm4,1459.0,@5syh9
2056,2018-07-24 22:33:15,@2s7bb,1460.0,@9vkyy
2057,2018-07-24 22:33:15,@2s7bb,1460.0,@0yyjn
2058,2018-07-24 22:33:15,@2s7bb,1460.0,@u2m9a
2059,2018-07-24 22:33:15,@eg64d,1461.0,@2s7bb
2060,2018-07-24 22:33:15,@eg64d,1461.0,@58x4r
2061,2018-07-24 22:33:15,@eg64d,1461.0,@9bvyy
2062,2018-07-24 22:33:15,@9vkyy,1462.0,@hrh6u
2063,2018-07-24 22:33:15,@9vkyy,1462.0,@99sm4
2064,2018-07-24 22:33:15,@9vkyy,1462.0,@cfw1r
2065,2018-07-24 22:33:15,@9vkyy,1462.0,@8vwn1
2066,2018-07-24 22:33:15,@6qqfz,1463.0,@99sm4
2067,2018-07-24 22:33:15,@6qqfz,1463.0,@5syh9
2068,2018-07-24 22:33:15,@6qqfz,1463.0,@8vwn1
2069,2018-07-24 22:33:15,@99sm4,1464.0,@5syh9
2070,2018-07-24 22:33:15,@9vkyy,1465.0,@cfw1r
2071,2018-07-24 22:33:15,@9vkyy,1465.0,@99sm4
2072,2018-07-24 22:33:15,@9vkyy,1465.0,@8vwn1
2073,2018-07-24 22:33:15,@9vkyy,1465.0,@2s7bb
2074,2018-07-24 22:33:15,@9vkyy,1465.0,@hrh6u
2075,2018-07-24 22:33:15,@6qqfz,1466.0,@5syh9
2076,2018-07-24 22:33:15,@6qqfz,1466.0,@7113b
2077,2018-07-24 22:33:15,@6qqfz,1466.0,@8vwn1
2078,2018-07-24 22:33:15,@6qqfz,1466.0,@99sm4
2079,2018-07-24 22:33:15,@6qqfz,1466.0,@26p4i
2080,2018-07-24 22:33:15,@6qqfz,1466.0,@lcn7z
2081,2018-07-24 22:33:15,@6qqfz,1466.0,@9bvyy
2082,2018-07-24 22:33:15,@lcn7z,1468.0,@9vkyy
2083,2018-07-24 22:33:15,@8vwn1,1469.0,@0yyjn
2084,2018-07-24 22:33:15,@8vwn1,1469.0,@99sm4
2085,2018-07-24 22:33:15,@8vwn1,1469.0,@9vkyy
2086,2018-07-24 22:33:15,@8vwn1,1469.0,@fpg7q
2087,2018-07-24 22:33:15,@fpg7q,1470.0,@hrh6u
2088,2018-07-24 22:33:15,@fpg7q,1471.0,@u2m9a
2089,2018-07-24 22:33:15,@cfw1r,1472.0,@bp0nk
2090,2018-07-24 22:33:15,@cfw1r,1472.0,@99sm4
2091,2018-07-24 22:33:15,@cfw1r,1472.0,@0yyjn
2092,2018-07-24 22:33:15,@cfw1r,1472.0,@61bfq
2093,2018-07-24 22:33:15,@cfw1r,1472.0,@u2m9a
2094,2018-07-24 22:33:15,@bp0nk,1473.0,@99sm4
2095,2018-07-24 22:33:15,@bp0nk,1473.0,@u2m9a
2096,2018-07-24 22:33:15,@6qqfz,1474.0,@9bvyy
2097,2018-07-24 22:33:15,@6qqfz,1474.0,@lcn7z
2098,2018-07-24 22:33:15,@6qqfz,1474.0,@7113b
2099,2018-07-24 22:33:15,@6qqfz,1474.0,@26p4i
2100,2018-07-24 22:33:15,@6qqfz,1474.0,@8vwn1
2101,2018-07-24 22:33:15,@6qqfz,1474.0,@5syh9
2102,2018-07-24 22:33:15,@6qqfz,1474.0,@99sm4
2103,2018-07-24 22:33:15,@fpg7q,1477.0,@bp0nk
2104,2018-07-24 22:33:15,@fpg7q,1477.0,@hrh6u
2105,2018-07-24 22:33:15,@fpg7q,1477.0,@u2m9a
2106,2018-07-24 22:33:15,@9bvyy,1478.0,@26p4i
2107,2018-07-24 22:33:15,@9bvyy,1481.0,@8vwn1
2108,2018-07-24 22:33:15,@9bvyy,1481.0,@6qqfz
2109,2018-07-24 22:33:15,@9bvyy,1481.0,@61bfq
2110,2018-07-24 22:33:15,@9bvyy,1481.0,@rsniw
2111,2018-07-24 22:33:15,@9bvyy,1481.0,@58x4r
2112,2018-07-24 22:33:15,@9bvyy,1481.0,@26p4i
2113,2018-07-24 22:33:15,@fpg7q,1482.0,@bp0nk
2114,2018-07-24 22:33:15,@fpg7q,1482.0,@hrh6u
2115,2018-07-24 22:33:15,@7113b,1483.0,@58x4r
2116,2018-07-24 22:33:15,@7113b,1483.0,@5syh9
2117,2018-07-24 22:33:15,@bp0nk,1484.0,@99sm4
2118,2018-07-24 22:33:15,@58x4r,1485.0,@eg64d
2119,2018-07-24 22:33:15,@eg64d,1487.0,@58x4r
2120,2018-07-24 22:33:15,@eg64d,1487.0,@9bvyy
2121,2018-07-25 22:33:15,@hrh6u,1488.0,@99sm4
2122,2018-07-25 22:33:15,@hrh6u,1488.0,@eg64d
2123,2018-07-25 22:33:15,@hrh6u,1488.0,@58x4r
2124,2018-07-25 22:33:15,@9bvyy,1490.0,@61bfq
2125,2018-07-25 22:33:15,@9bvyy,1490.0,@rsniw
2126,2018-07-25 22:33:15,@9bvyy,1490.0,@lcn7z
2127,2018-07-25 22:33:15,@9bvyy,1490.0,@6qqfz
2128,2018-07-25 22:33:15,@9bvyy,1490.0,@8vwn1
2129,2018-07-25 22:33:15,@9bvyy,1490.0,@26p4i
2130,2018-07-25 22:33:15,@lcn7z,1491.0,@2s7bb
2131,2018-07-25 22:33:15,@5syh9,1492.0,@6qqfz
2132,2018-07-25 22:33:15,@5syh9,1492.0,@99sm4
2133,2018-07-25 22:33:15,@5syh9,1492.0,@hrh6u
2134,2018-07-25 22:33:15,@5syh9,1492.0,@7113b
2135,2018-07-25 22:33:15,@8vwn1,1493.0,@99sm4
2136,2018-07-25 22:33:15,@8vwn1,1493.0,@0yyjn
2137,2018-07-25 22:33:15,@6qqfz,1494.0,@9bvyy
2138,2018-07-25 22:33:15,@6qqfz,1494.0,@8vwn1
2139,2018-07-25 22:33:15,@6qqfz,1494.0,@5syh9
2140,2018-07-25 22:33:15,@6qqfz,1494.0,@26p4i
2141,2018-07-25 22:33:15,@hrh6u,1495.0,@99sm4
2142,2018-07-25 22:33:15,@6qqfz,1496.0,@lcn7z
2143,2018-07-25 22:33:15,@6qqfz,1496.0,@8vwn1
2144,2018-07-25 22:33:15,@6qqfz,1496.0,@5syh9
2145,2018-07-25 22:33:15,@0yyjn,1498.0,@9bvyy
2146,2018-07-25 22:33:15,@u2m9a,1499.0,@6qqfz
2147,2018-07-25 22:33:15,@u2m9a,1499.0,@cfw1r
2148,2018-07-25 22:33:15,@u2m9a,1499.0,@5syh9
2149,2018-07-25 22:33:15,@u2m9a,1499.0,@fpg7q
2150,2018-07-25 22:33:15,@7113b,1500.0,@u2m9a
2151,2018-07-25 22:33:15,@7113b,1500.0,@58x4r
2152,2018-07-25 22:33:15,@9bvyy,1501.0,@61bfq
2153,2018-07-25 22:33:15,@9bvyy,1501.0,@lcn7z
2154,2018-07-25 22:33:15,@9bvyy,1501.0,@8vwn1
2155,2018-07-25 22:33:15,@9bvyy,1501.0,@26p4i
2156,2018-07-25 22:33:15,@9bvyy,1501.0,@rsniw
2157,2018-07-25 22:33:15,@eg64d,1502.0,@2s7bb
2158,2018-07-25 22:33:15,@eg64d,1502.0,@9bvyy
2159,2018-07-25 22:33:15,@hrh6u,1505.0,@u2m9a
2160,2018-07-25 22:33:15,@hrh6u,1505.0,@58x4r
2161,2018-07-25 22:33:15,@hrh6u,1505.0,@99sm4
2162,2018-07-25 22:33:15,@hrh6u,1505.0,@eg64d
2163,2018-07-25 22:33:15,@hrh6u,1506.0,@u2m9a
2164,2018-07-25 22:33:15,@hrh6u,1506.0,@eg64d
2165,2018-07-25 22:33:15,@hrh6u,1506.0,@58x4r
2166,2018-07-25 22:33:15,@6qqfz,1507.0,@8vwn1
2167,2018-07-25 22:33:15,@6qqfz,1507.0,@26p4i
2168,2018-07-25 22:33:15,@6qqfz,1507.0,@lcn7z
2169,2018-07-25 22:33:15,@6qqfz,1508.0,@lcn7z
2170,2018-07-25 22:33:15,@6qqfz,1508.0,@26p4i
2171,2018-07-25 22:33:15,@8vwn1,1509.0,@99sm4
2172,2018-07-25 22:33:15,@bp0nk,1510.0,@u2m9a
2173,2018-07-25 22:33:15,@bp0nk,1510.0,@99sm4
2174,2018-07-25 22:33:15,@5syh9,1511.0,@6qqfz
2175,2018-07-25 22:33:15,@6qqfz,1512.0,@7113b
2176,2018-07-25 22:33:15,@6qqfz,1512.0,@26p4i
2177,2018-07-25 22:33:15,@u2m9a,1513.0,@cfw1r
2178,2018-07-25 22:33:15,@fpg7q,1514.0,@bp0nk
2179,2018-07-25 22:33:15,@0yyjn,1515.0,@99sm4
2180,2018-07-25 22:33:15,@0yyjn,1515.0,@9vkyy
2181,2018-07-25 22:33:15,@6qqfz,1516.0,@9bvyy
2182,2018-07-25 22:33:15,@26p4i,1517.0,@0yyjn
2183,2018-07-25 22:33:15,@26p4i,1517.0,@u2m9a
2184,2018-07-26 22:33:15,@5syh9,1518.0,@7113b
2185,2018-07-26 22:33:15,@5syh9,1518.0,@6qqfz
2186,2018-07-26 22:33:15,@7113b,1519.0,@u2m9a
2187,2018-07-26 22:33:15,@rsniw,1520.0,@eg64d
2188,2018-07-26 22:33:15,@rsniw,1520.0,@lcn7z
2189,2018-07-26 22:33:15,@rsniw,1520.0,@2s7bb
2190,2018-07-26 22:33:15,@rsniw,1521.0,@eg64d
2191,2018-07-26 22:33:15,@26p4i,1522.0,@0yyjn
2192,2018-07-26 22:33:15,@u2m9a,1523.0,@fpg7q
2193,2018-07-26 22:33:15,@u2m9a,1523.0,@6qqfz
2194,2018-07-26 22:33:15,@u2m9a,1523.0,@cfw1r
2195,2018-07-26 22:33:15,@hrh6u,1524.0,@u2m9a
2196,2018-07-26 22:33:15,@bp0nk,1525.0,@99sm4
2197,2018-07-26 22:33:15,@bp0nk,1525.0,@u2m9a
2198,2018-07-26 22:33:15,@bp0nk,1527.0,@99sm4
2199,2018-07-26 22:33:15,@cfw1r,1528.0,@bp0nk
2200,2018-07-26 22:33:15,@cfw1r,1528.0,@0yyjn
2201,2018-07-26 22:33:15,@cfw1r,1528.0,@9vkyy
2202,2018-07-26 22:33:15,@cfw1r,1528.0,@61bfq
2203,2018-07-26 22:33:15,@cfw1r,1528.0,@u2m9a
2204,2018-07-26 22:33:15,@9vkyy,1529.0,@hrh6u
2205,2018-07-26 22:33:15,@9vkyy,1529.0,@99sm4
2206,2018-07-26 22:33:15,@9vkyy,1529.0,@8vwn1
2207,2018-07-26 22:33:15,@9vkyy,1529.0,@cfw1r
2208,2018-07-26 22:33:15,@9vkyy,1529.0,@rsniw
2209,2018-07-26 22:33:15,@9vkyy,1530.0,@2s7bb
2210,2018-07-26 22:33:15,@9vkyy,1530.0,@cfw1r
2211,2018-07-26 22:33:15,@9vkyy,1530.0,@hrh6u
2212,2018-07-26 22:33:15,@9vkyy,1530.0,@99sm4
2213,2018-07-26 22:33:15,@0yyjn,1531.0,@99sm4
2214,2018-07-26 22:33:15,@0yyjn,1531.0,@9bvyy
2215,2018-07-26 22:33:15,@0yyjn,1532.0,@9vkyy
2216,2018-07-26 22:33:15,@0yyjn,1532.0,@99sm4
2217,2018-07-26 22:33:15,@2s7bb,1535.0,@u2m9a
2218,2018-07-26 22:33:15,@2s7bb,1535.0,@0yyjn
2219,2018-07-26 22:33:15,@26p4i,1537.0,@u2m9a
2220,2018-07-26 22:33:15,@26p4i,1537.0,@0yyjn
2221,2018-07-26 22:33:15,@bp0nk,1539.0,@99sm4
2222,2018-07-26 22:33:15,@bp0nk,1539.0,@u2m9a
2223,2018-07-26 22:33:15,@lcn7z,1540.0,@9vkyy
2224,2018-07-26 22:33:15,@lcn7z,1540.0,@bp0nk
2225,2018-07-26 22:33:15,@lcn7z,1540.0,@6qqfz
2226,2018-07-26 22:33:15,@lcn7z,1541.0,@2s7bb
2227,2018-07-26 22:33:15,@lcn7z,1541.0,@9vkyy
2228,2018-07-26 22:33:15,@lcn7z,1541.0,@6qqfz
2229,2018-07-26 22:33:15,@99sm4,1542.0,@5syh9
2230,2018-07-26 22:33:15,@99sm4,1542.0,@hrh6u
2231,2018-07-26 22:33:15,@9vkyy,1543.0,@cfw1r
2232,2018-07-26 22:33:15,@bp0nk,1546.0,@99sm4
2233,2018-07-26 22:33:15,@bp0nk,1546.0,@u2m9a
2234,2018-07-26 22:33:15,@9vkyy,1547.0,@2s7bb
2235,2018-07-26 22:33:15,@9vkyy,1547.0,@8vwn1
2236,2018-07-26 22:33:15,@9vkyy,1547.0,@rsniw
2237,2018-07-26 22:33:15,@9vkyy,1547.0,@hrh6u
2238,2018-07-26 22:33:15,@9vkyy,1547.0,@cfw1r
2239,2018-07-26 22:33:15,@9vkyy,1547.0,@99sm4
2240,2018-07-27 22:33:15,@2s7bb,1549.0,@0yyjn
2241,2018-07-27 22:33:15,@2s7bb,1549.0,@9vkyy
2242,2018-07-27 22:33:15,@2s7bb,1549.0,@cfw1r
2243,2018-07-27 22:33:15,@2s7bb,1549.0,@u2m9a
2244,2018-07-27 22:33:15,@9bvyy,1551.0,@rsniw
2245,2018-07-27 22:33:15,@9bvyy,1551.0,@6qqfz
2246,2018-07-27 22:33:15,@9bvyy,1551.0,@61bfq
2247,2018-07-27 22:33:15,@9bvyy,1551.0,@8vwn1
2248,2018-07-27 22:33:15,@6qqfz,1552.0,@26p4i
2249,2018-07-27 22:33:15,@6qqfz,1552.0,@7113b
2250,2018-07-27 22:33:15,@cfw1r,1553.0,@0yyjn
2251,2018-07-27 22:33:15,@cfw1r,1553.0,@bp0nk
2252,2018-07-27 22:33:15,@cfw1r,1553.0,@99sm4
2253,2018-07-27 22:33:15,@cfw1r,1553.0,@9vkyy
2254,2018-07-27 22:33:15,@cfw1r,1553.0,@u2m9a
2255,2018-07-27 22:33:15,@cfw1r,1553.0,@61bfq
2256,2018-07-27 22:33:15,@6qqfz,1555.0,@7113b
2257,2018-07-27 22:33:15,@6qqfz,1555.0,@5syh9
2258,2018-07-27 22:33:15,@6qqfz,1555.0,@8vwn1
2259,2018-07-27 22:33:15,@eg64d,1556.0,@9bvyy
2260,2018-07-27 22:33:15,@eg64d,1557.0,@9bvyy
2261,2018-07-27 22:33:15,@eg64d,1557.0,@58x4r
2262,2018-07-27 22:33:15,@eg64d,1557.0,@2s7bb
2263,2018-07-27 22:33:15,@lcn7z,1558.0,@bp0nk
2264,2018-07-27 22:33:15,@lcn7z,1558.0,@2s7bb
2265,2018-07-27 22:33:15,@lcn7z,1558.0,@6qqfz
2266,2018-07-27 22:33:15,@lcn7z,1558.0,@9vkyy
2267,2018-07-27 22:33:15,@2s7bb,1559.0,@9vkyy
2268,2018-07-27 22:33:15,@hrh6u,1560.0,@eg64d
2269,2018-07-27 22:33:15,@hrh6u,1560.0,@58x4r
2270,2018-07-27 22:33:15,@u2m9a,1561.0,@6qqfz
2271,2018-07-27 22:33:15,@5syh9,1562.0,@hrh6u
2272,2018-07-27 22:33:15,@5syh9,1562.0,@99sm4
2273,2018-07-27 22:33:15,@5syh9,1562.0,@6qqfz
2274,2018-07-27 22:33:15,@5syh9,1562.0,@7113b
2275,2018-07-27 22:33:15,@61bfq,1563.0,@fpg7q
2276,2018-07-27 22:33:15,@61bfq,1563.0,@5syh9
2277,2018-07-27 22:33:15,@61bfq,1563.0,@hrh6u
2278,2018-07-27 22:33:15,@rsniw,1564.0,@2s7bb
2279,2018-07-27 22:33:15,@rsniw,1564.0,@lcn7z
2280,2018-07-27 22:33:15,@rsniw,1564.0,@eg64d
2281,2018-07-27 22:33:15,@9bvyy,1565.0,@26p4i
2282,2018-07-27 22:33:15,@9bvyy,1565.0,@61bfq
2283,2018-07-27 22:33:15,@9bvyy,1565.0,@rsniw
2284,2018-07-27 22:33:15,@9bvyy,1565.0,@58x4r
2285,2018-07-27 22:33:15,@9bvyy,1565.0,@6qqfz
2286,2018-07-27 22:33:15,@9bvyy,1565.0,@lcn7z
2287,2018-07-27 22:33:15,@8vwn1,1566.0,@99sm4
2288,2018-07-27 22:33:15,@8vwn1,1566.0,@9vkyy
2289,2018-07-27 22:33:15,@8vwn1,1566.0,@fpg7q
2290,2018-07-27 22:33:15,@8vwn1,1566.0,@0yyjn
2291,2018-07-27 22:33:15,@5syh9,1568.0,@hrh6u
2292,2018-07-27 22:33:15,@5syh9,1568.0,@6qqfz
2293,2018-07-27 22:33:15,@5syh9,1568.0,@99sm4
2294,2018-07-27 22:33:15,@5syh9,1568.0,@7113b
2295,2018-07-27 22:33:15,@61bfq,1569.0,@fpg7q
2296,2018-07-27 22:33:15,@61bfq,1569.0,@5syh9
2297,2018-07-27 22:33:15,@lcn7z,1570.0,@bp0nk
2298,2018-07-27 22:33:15,@lcn7z,1570.0,@2s7bb
2299,2018-07-27 22:33:15,@lcn7z,1570.0,@9vkyy
2300,2018-07-27 22:33:15,@rsniw,1571.0,@2s7bb
2301,2018-07-27 22:33:15,@rsniw,1571.0,@lcn7z
2302,2018-07-27 22:33:15,@eg64d,1572.0,@58x4r
2303,2018-07-27 22:33:15,@eg64d,1572.0,@2s7bb
2304,2018-07-27 22:33:15,@eg64d,1572.0,@9bvyy
2305,2018-07-27 22:33:15,@99sm4,1573.0,@58x4r
2306,2018-07-27 22:33:15,@2s7bb,1575.0,@u2m9a
2307,2018-07-27 22:33:15,@2s7bb,1576.0,@cfw1r
2308,2018-07-27 22:33:15,@6qqfz,1577.0,@lcn7z
2309,2018-07-27 22:33:15,@6qqfz,1577.0,@5syh9
2310,2018-07-27 22:33:15,@6qqfz,1577.0,@26p4i
2311,2018-07-27 22:33:15,@6qqfz,1577.0,@7113b
2312,2018-07-27 22:33:15,@6qqfz,1577.0,@9bvyy
2313,2018-07-27 22:33:15,@6qqfz,1577.0,@99sm4
2314,2018-07-27 22:33:15,@6qqfz,1577.0,@8vwn1
2315,2018-07-28 22:33:15,@6qqfz,1578.0,@7113b
2316,2018-07-28 22:33:15,@6qqfz,1578.0,@26p4i
2317,2018-07-28 22:33:15,@6qqfz,1578.0,@lcn7z
2318,2018-07-28 22:33:15,@6qqfz,1578.0,@5syh9
2319,2018-07-28 22:33:15,@6qqfz,1578.0,@99sm4
2320,2018-07-28 22:33:15,@9bvyy,1580.0,@26p4i
2321,2018-07-28 22:33:15,@9bvyy,1580.0,@6qqfz
2322,2018-07-28 22:33:15,@rsniw,1581.0,@lcn7z
2323,2018-07-28 22:33:15,@9bvyy,1582.0,@26p4i
2324,2018-07-28 22:33:15,@9bvyy,1582.0,@8vwn1
2325,2018-07-28 22:33:15,@9bvyy,1582.0,@58x4r
2326,2018-07-28 22:33:15,@9bvyy,1582.0,@lcn7z
2327,2018-07-28 22:33:15,@9bvyy,1582.0,@61bfq
2328,2018-07-28 22:33:15,@9bvyy,1583.0,@8vwn1
2329,2018-07-28 22:33:15,@7113b,1585.0,@58x4r
2330,2018-07-28 22:33:15,@hrh6u,1587.0,@u2m9a
2331,2018-07-28 22:33:15,@8vwn1,1589.0,@99sm4
2332,2018-07-28 22:33:15,@8vwn1,1589.0,@fpg7q
2333,2018-07-28 22:33:15,@8vwn1,1589.0,@9vkyy
2334,2018-07-28 22:33:15,@8vwn1,1589.0,@0yyjn
2335,2018-07-28 22:33:15,@u2m9a,1590.0,@cfw1r
2336,2018-07-28 22:33:15,@rsniw,1591.0,@eg64d
2337,2018-07-28 22:33:15,@rsniw,1591.0,@2s7bb
2338,2018-07-28 22:33:15,@2s7bb,1593.0,@u2m9a
2339,2018-07-28 22:33:15,@2s7bb,1593.0,@cfw1r
2340,2018-07-28 22:33:15,@lcn7z,1594.0,@6qqfz
2341,2018-07-28 22:33:15,@7113b,1595.0,@58x4r
2342,2018-07-28 22:33:15,@7113b,1595.0,@5syh9
2343,2018-07-28 22:33:15,@7113b,1595.0,@u2m9a
2344,2018-07-28 22:33:15,@99sm4,1596.0,@hrh6u
2345,2018-07-28 22:33:15,@99sm4,1596.0,@5syh9
2346,2018-07-28 22:33:15,@99sm4,1596.0,@58x4r
2347,2018-07-28 22:33:15,@u2m9a,1597.0,@5syh9
2348,2018-07-28 22:33:15,@u2m9a,1597.0,@cfw1r
2349,2018-07-28 22:33:15,@u2m9a,1597.0,@6qqfz
2350,2018-07-28 22:33:15,@u2m9a,1597.0,@fpg7q
2351,2018-07-28 22:33:15,@7113b,1599.0,@u2m9a
2352,2018-07-28 22:33:15,@7113b,1599.0,@5syh9
2353,2018-07-28 22:33:15,@58x4r,1602.0,@5syh9
2354,2018-07-28 22:33:15,@58x4r,1602.0,@eg64d
2355,2018-07-28 22:33:15,@58x4r,1602.0,@rsniw
2356,2018-07-28 22:33:15,@7113b,1603.0,@5syh9
2357,2018-07-28 22:33:15,@7113b,1603.0,@58x4r
2358,2018-07-28 22:33:15,@eg64d,1604.0,@9bvyy
2359,2018-07-28 22:33:15,@eg64d,1604.0,@58x4r
2360,2018-07-28 22:33:15,@6qqfz,1605.0,@9bvyy
2361,2018-07-28 22:33:15,@6qqfz,1605.0,@lcn7z
2362,2018-07-28 22:33:15,@6qqfz,1605.0,@26p4i
2363,2018-07-28 22:33:15,@6qqfz,1605.0,@8vwn1
2364,2018-07-28 22:33:15,@6qqfz,1605.0,@7113b
2365,2018-07-28 22:33:15,@9vkyy,1606.0,@rsniw
2366,2018-07-28 22:33:15,@9vkyy,1606.0,@2s7bb
2367,2018-07-29 22:33:15,@6qqfz,1608.0,@26p4i
2368,2018-07-29 22:33:15,@6qqfz,1608.0,@9bvyy
2369,2018-07-29 22:33:15,@6qqfz,1608.0,@lcn7z
2370,2018-07-29 22:33:15,@6qqfz,1608.0,@7113b
2371,2018-07-29 22:33:15,@7113b,1609.0,@58x4r
2372,2018-07-29 22:33:15,@7113b,1609.0,@u2m9a
2373,2018-07-29 22:33:15,@lcn7z,1611.0,@6qqfz
2374,2018-07-29 22:33:15,@lcn7z,1611.0,@bp0nk
2375,2018-07-29 22:33:15,@lcn7z,1611.0,@9vkyy
2376,2018-07-29 22:33:15,@lcn7z,1611.0,@2s7bb
2377,2018-07-29 22:33:15,@2s7bb,1612.0,@u2m9a
2378,2018-07-29 22:33:15,@2s7bb,1612.0,@9vkyy
2379,2018-07-29 22:33:15,@2s7bb,1612.0,@0yyjn
2380,2018-07-29 22:33:15,@9bvyy,1613.0,@26p4i
2381,2018-07-29 22:33:15,@lcn7z,1614.0,@bp0nk
2382,2018-07-29 22:33:15,@lcn7z,1614.0,@6qqfz
2383,2018-07-29 22:33:15,@lcn7z,1614.0,@2s7bb
2384,2018-07-29 22:33:15,@0yyjn,1615.0,@9bvyy
2385,2018-07-29 22:33:15,@5syh9,1616.0,@99sm4
2386,2018-07-29 22:33:15,@5syh9,1616.0,@7113b
2387,2018-07-29 22:33:15,@bp0nk,1617.0,@u2m9a
2388,2018-07-29 22:33:15,@rsniw,1619.0,@lcn7z
2389,2018-07-29 22:33:15,@9bvyy,1620.0,@61bfq
2390,2018-07-29 22:33:15,@9bvyy,1620.0,@58x4r
2391,2018-07-29 22:33:15,@9bvyy,1620.0,@26p4i
2392,2018-07-29 22:33:15,@u2m9a,1621.0,@cfw1r
2393,2018-07-29 22:33:15,@cfw1r,1622.0,@0yyjn
2394,2018-07-29 22:33:15,@cfw1r,1622.0,@99sm4
2395,2018-07-29 22:33:15,@cfw1r,1622.0,@61bfq
2396,2018-07-29 22:33:15,@cfw1r,1622.0,@bp0nk
2397,2018-07-29 22:33:15,@cfw1r,1622.0,@9vkyy
2398,2018-07-29 22:33:15,@6qqfz,1623.0,@9bvyy
2399,2018-07-29 22:33:15,@6qqfz,1623.0,@26p4i
2400,2018-07-29 22:33:15,@cfw1r,1624.0,@61bfq
2401,2018-07-29 22:33:15,@cfw1r,1624.0,@u2m9a
2402,2018-07-29 22:33:15,@cfw1r,1624.0,@99sm4
2403,2018-07-29 22:33:15,@9bvyy,1625.0,@58x4r
2404,2018-07-29 22:33:15,@9bvyy,1625.0,@rsniw
2405,2018-07-29 22:33:15,@9bvyy,1625.0,@8vwn1
2406,2018-07-29 22:33:15,@9bvyy,1625.0,@26p4i
2407,2018-07-29 22:33:15,@9bvyy,1625.0,@lcn7z
2408,2018-07-29 22:33:15,@26p4i,1626.0,@58x4r
2409,2018-07-29 22:33:15,@26p4i,1626.0,@u2m9a
2410,2018-07-29 22:33:15,@26p4i,1626.0,@0yyjn
2411,2018-07-29 22:33:15,@9vkyy,1629.0,@2s7bb
2412,2018-07-29 22:33:15,@9vkyy,1629.0,@hrh6u
2413,2018-07-29 22:33:15,@9vkyy,1629.0,@8vwn1
2414,2018-07-29 22:33:15,@9vkyy,1629.0,@rsniw
2415,2018-07-29 22:33:15,@9vkyy,1629.0,@99sm4
2416,2018-07-29 22:33:15,@9vkyy,1629.0,@cfw1r
2417,2018-07-29 22:33:15,@hrh6u,1630.0,@u2m9a
2418,2018-07-29 22:33:15,@hrh6u,1630.0,@eg64d
2419,2018-07-29 22:33:15,@hrh6u,1630.0,@58x4r
2420,2018-07-29 22:33:15,@hrh6u,1630.0,@99sm4
2421,2018-07-29 22:33:15,@eg64d,1631.0,@58x4r
2422,2018-07-29 22:33:15,@eg64d,1631.0,@9bvyy
2423,2018-07-29 22:33:15,@eg64d,1631.0,@2s7bb
2424,2018-07-29 22:33:15,@9vkyy,1633.0,@99sm4
2425,2018-07-29 22:33:15,@9vkyy,1633.0,@cfw1r
2426,2018-07-29 22:33:15,@9vkyy,1633.0,@rsniw
2427,2018-07-29 22:33:15,@9vkyy,1633.0,@8vwn1
2428,2018-07-29 22:33:15,@9vkyy,1633.0,@hrh6u
2429,2018-07-29 22:33:15,@9vkyy,1633.0,@2s7bb
2430,2018-07-29 22:33:15,@7113b,1634.0,@u2m9a
2431,2018-07-29 22:33:15,@bp0nk,1635.0,@99sm4
2432,2018-07-29 22:33:15,@bp0nk,1635.0,@u2m9a
2433,2018-07-29 22:33:15,@cfw1r,1637.0,@99sm4
2434,2018-07-29 22:33:15,@cfw1r,1637.0,@9vkyy
2435,2018-07-29 22:33:15,@cfw1r,1637.0,@u2m9a
2436,2018-07-29 22:33:15,@cfw1r,1637.0,@61bfq
2437,2018-07-29 22:33:15,@cfw1r,1637.0,@bp0nk
2438,2018-07-30 22:33:15,@lcn7z,1638.0,@2s7bb
2439,2018-07-30 22:33:15,@lcn7z,1638.0,@bp0nk
2440,2018-07-30 22:33:15,@lcn7z,1638.0,@9vkyy
2441,2018-07-30 22:33:15,@lcn7z,1638.0,@6qqfz
2442,2018-07-30 22:33:15,@rsniw,1641.0,@eg64d
2443,2018-07-30 22:33:15,@rsniw,1641.0,@lcn7z
2444,2018-07-30 22:33:15,@rsniw,1641.0,@2s7bb
2445,2018-07-30 22:33:15,@hrh6u,1644.0,@u2m9a
2446,2018-07-30 22:33:15,@bp0nk,1645.0,@u2m9a
2447,2018-07-30 22:33:15,@bp0nk,1645.0,@99sm4
2448,2018-07-30 22:33:15,@26p4i,1646.0,@0yyjn
2449,2018-07-30 22:33:15,@26p4i,1646.0,@58x4r
2450,2018-07-30 22:33:15,@cfw1r,1649.0,@u2m9a
2451,2018-07-30 22:33:15,@2s7bb,1650.0,@9vkyy
2452,2018-07-30 22:33:15,@2s7bb,1652.0,@cfw1r
2453,2018-07-30 22:33:15,@2s7bb,1652.0,@u2m9a
2454,2018-07-30 22:33:15,@58x4r,1654.0,@eg64d
2455,2018-07-30 22:33:15,@58x4r,1654.0,@5syh9
2456,2018-07-30 22:33:15,@58x4r,1654.0,@hrh6u
2457,2018-07-30 22:33:15,@99sm4,1657.0,@5syh9
2458,2018-07-30 22:33:15,@58x4r,1658.0,@hrh6u
2459,2018-07-30 22:33:15,@58x4r,1658.0,@5syh9
2460,2018-07-30 22:33:15,@58x4r,1658.0,@eg64d
2461,2018-07-30 22:33:15,@u2m9a,1659.0,@5syh9
2462,2018-07-30 22:33:15,@u2m9a,1659.0,@fpg7q
2463,2018-07-30 22:33:15,@u2m9a,1659.0,@cfw1r
2464,2018-07-30 22:33:15,@9bvyy,1660.0,@26p4i
2465,2018-07-30 22:33:15,@9bvyy,1660.0,@8vwn1
2466,2018-07-30 22:33:15,@9bvyy,1660.0,@58x4r
2467,2018-07-30 22:33:15,@61bfq,1661.0,@fpg7q
2468,2018-07-30 22:33:15,@2s7bb,1662.0,@cfw1r
2469,2018-07-30 22:33:15,@cfw1r,1663.0,@u2m9a
2470,2018-07-30 22:33:15,@cfw1r,1663.0,@61bfq
2471,2018-07-30 22:33:15,@cfw1r,1663.0,@0yyjn
2472,2018-07-30 22:33:15,@cfw1r,1663.0,@bp0nk
2473,2018-07-30 22:33:15,@cfw1r,1663.0,@99sm4
2474,2018-07-30 22:33:15,@cfw1r,1663.0,@9vkyy
2475,2018-07-30 22:33:15,@eg64d,1664.0,@2s7bb
2476,2018-07-30 22:33:15,@eg64d,1664.0,@58x4r
2477,2018-07-30 22:33:15,@0yyjn,1665.0,@99sm4
2478,2018-07-30 22:33:15,@58x4r,1666.0,@hrh6u
2479,2018-07-30 22:33:15,@58x4r,1666.0,@5syh9
2480,2018-07-31 22:33:15,@fpg7q,1668.0,@u2m9a
2481,2018-07-31 22:33:15,@fpg7q,1668.0,@bp0nk
2482,2018-07-31 22:33:15,@fpg7q,1668.0,@hrh6u
2483,2018-07-31 22:33:15,@8vwn1,1669.0,@99sm4
2484,2018-07-31 22:33:15,@lcn7z,1670.0,@2s7bb
2485,2018-07-31 22:33:15,@2s7bb,1673.0,@9vkyy
2486,2018-07-31 22:33:15,@2s7bb,1673.0,@cfw1r
2487,2018-07-31 22:33:15,@2s7bb,1673.0,@0yyjn
2488,2018-07-31 22:33:15,@2s7bb,1673.0,@u2m9a
2489,2018-07-31 22:33:15,@u2m9a,1674.0,@5syh9
2490,2018-07-31 22:33:15,@u2m9a,1674.0,@fpg7q
2491,2018-07-31 22:33:15,@0yyjn,1676.0,@99sm4
2492,2018-07-31 22:33:15,@fpg7q,1677.0,@bp0nk
2493,2018-07-31 22:33:15,@8vwn1,1678.0,@9vkyy
2494,2018-07-31 22:33:15,@2s7bb,1681.0,@0yyjn
2495,2018-07-31 22:33:15,@8vwn1,1682.0,@99sm4
2496,2018-07-31 22:33:15,@8vwn1,1682.0,@fpg7q
2497,2018-07-31 22:33:15,@8vwn1,1682.0,@0yyjn
2498,2018-07-31 22:33:15,@8vwn1,1682.0,@9vkyy
2499,2018-07-31 22:33:15,@rsniw,1684.0,@2s7bb
2500,2018-07-31 22:33:15,@rsniw,1684.0,@lcn7z
2501,2018-07-31 22:33:15,@fpg7q,1685.0,@bp0nk
2502,2018-07-31 22:33:15,@fpg7q,1685.0,@u2m9a
2503,2018-07-31 22:33:15,@9bvyy,1687.0,@8vwn1
2504,2018-07-31 22:33:15,@u2m9a,1688.0,@cfw1r
2505,2018-07-31 22:33:15,@u2m9a,1688.0,@fpg7q
2506,2018-07-31 22:33:15,@rsniw,1689.0,@eg64d
2507,2018-07-31 22:33:15,@2s7bb,1691.0,@u2m9a
2508,2018-07-31 22:33:15,@2s7bb,1691.0,@9vkyy
2509,2018-07-31 22:33:15,@2s7bb,1691.0,@0yyjn
2510,2018-07-31 22:33:15,@2s7bb,1691.0,@cfw1r
2511,2018-07-31 22:33:15,@61bfq,1692.0,@hrh6u
2512,2018-07-31 22:33:15,@61bfq,1692.0,@5syh9
2513,2018-07-31 22:33:15,@rsniw,1693.0,@eg64d
2514,2018-07-31 22:33:15,@rsniw,1693.0,@2s7bb
2515,2018-07-31 22:33:15,@rsniw,1693.0,@lcn7z
2516,2018-07-31 22:33:15,@58x4r,1694.0,@rsniw
2517,2018-07-31 22:33:15,@58x4r,1694.0,@5syh9
2518,2018-07-31 22:33:15,@58x4r,1694.0,@eg64d
2519,2018-07-31 22:33:15,@58x4r,1694.0,@hrh6u
2520,2018-07-31 22:33:15,@26p4i,1695.0,@0yyjn
2521,2018-07-31 22:33:15,@26p4i,1695.0,@u2m9a
2522,2018-07-31 22:33:15,@26p4i,1695.0,@58x4r
2523,2018-07-31 22:33:15,@fpg7q,1696.0,@hrh6u
2524,2018-07-31 22:33:15,@fpg7q,1696.0,@bp0nk
2525,2018-07-31 22:33:15,@6qqfz,1697.0,@8vwn1
2526,2018-07-31 22:33:15,@6qqfz,1697.0,@99sm4
