created_at,creator,id,mentioned
2018-06-02 22:33:15,@9vkyy,1,@8vwn1
2018-06-02 22:33:15,@6qqfz,5,@lcn7z
2018-06-02 22:33:15,@6qqfz,5,@9bvyy
2018-06-02 22:33:15,@bp0nk,7,@99sm4
2018-06-02 22:33:15,@58x4r,8,@rsniw
2018-06-02 22:33:15,@fpg7q,9,@hrh6u
2018-06-02 22:33:15,@6qqfz,10,@8vwn1
2018-06-02 22:33:15,@6qqfz,10,@lcn7z
2018-06-02 22:33:15,@6qqfz,10,@26p4i
2018-06-02 22:33:15,@6qqfz,10,@9bvyy
2018-06-02 22:33:15,@9vkyy,11,@8vwn1
2018-06-02 22:33:15,@99sm4,13,@58x4r
2018-06-02 22:33:15,@99sm4,13,@hrh6u
2018-06-02 22:33:15,@9bvyy,14,@lcn7z
2018-06-02 22:33:15,@9bvyy,14,@26p4i
2018-06-02 22:33:15,@9bvyy,14,@rsniw
2018-06-02 22:33:15,@8vwn1,16,@9vkyy
2018-06-02 22:33:15,@8vwn1,16,@fpg7q
2018-06-02 22:33:15,@8vwn1,16,@99sm4
2018-06-02 22:33:15,@58x4r,19,@rsniw
2018-06-02 22:33:15,@5syh9,20,@7113b
2018-06-02 22:33:15,@5syh9,20,@99sm4
2018-06-02 22:33:15,@8vwn1,21,@9vkyy
2018-06-02 22:33:15,@8vwn1,21,@fpg7q
2018-06-02 22:33:15,@6qqfz,23,@26p4i
2018-06-02 22:33:15,@6qqfz,23,@lcn7z
2018-06-02 22:33:15,@6qqfz,23,@8vwn1
2018-06-02 22:33:15,@6qqfz,23,@9bvyy
2018-06-02 22:33:15,@lcn7z,24,@9vkyy
2018-06-02 22:33:15,@lcn7z,24,@bp0nk
2018-06-03 22:33:15,@58x4r,26,@rsniw
2018-06-03 22:33:15,@2s7bb,27,@u2m9a
2018-06-03 22:33:15,@hrh6u,28,@58x4r
2018-06-03 22:33:15,@cfw1r,29,@0yyjn
2018-06-03 22:33:15,@61bfq,34,@fpg7q
2018-06-03 22:33:15,@26p4i,35,@u2m9a
2018-06-03 22:33:15,@hrh6u,36,@99sm4
2018-06-03 22:33:15,@hrh6u,36,@58x4r
2018-06-03 22:33:15,@5syh9,38,@99sm4
2018-06-03 22:33:15,@5syh9,38,@7113b
2018-06-03 22:33:15,@fpg7q,40,@bp0nk
2018-06-03 22:33:15,@fpg7q,40,@hrh6u
2018-06-03 22:33:15,@hrh6u,42,@99sm4
2018-06-03 22:33:15,@cfw1r,44,@u2m9a
2018-06-03 22:33:15,@lcn7z,46,@2s7bb
2018-06-03 22:33:15,@99sm4,50,@58x4r
2018-06-03 22:33:15,@99sm4,50,@hrh6u
2018-06-03 22:33:15,@hrh6u,51,@58x4r
2018-06-04 22:33:15,@58x4r,54,@rsniw
2018-06-04 22:33:15,@0yyjn,55,@99sm4
2018-06-04 22:33:15,@5syh9,56,@99sm4
2018-06-04 22:33:15,@5syh9,56,@7113b
2018-06-04 22:33:15,@bp0nk,57,@99sm4
2018-06-04 22:33:15,@bp0nk,58,@99sm4
2018-06-04 22:33:15,@lcn7z,59,@2s7bb
2018-06-04 22:33:15,@8vwn1,60,@9vkyy
2018-06-04 22:33:15,@8vwn1,60,@fpg7q
2018-06-04 22:33:15,@8vwn1,60,@99sm4
2018-06-04 22:33:15,@8vwn1,61,@99sm4
2018-06-04 22:33:15,@8vwn1,61,@fpg7q
2018-06-04 22:33:15,@8vwn1,61,@9vkyy
2018-06-04 22:33:15,@6qqfz,62,@9bvyy
2018-06-04 22:33:15,@6qqfz,62,@26p4i
2018-06-04 22:33:15,@6qqfz,62,@8vwn1
2018-06-04 22:33:15,@58x4r,64,@rsniw
2018-06-04 22:33:15,@99sm4,65,@58x4r
2018-06-04 22:33:15,@bp0nk,66,@99sm4
2018-06-04 22:33:15,@61bfq,67,@fpg7q
2018-06-04 22:33:15,@61bfq,69,@fpg7q
2018-06-04 22:33:15,@9vkyy,70,@8vwn1
2018-06-04 22:33:15,@9vkyy,71,@8vwn1
2018-06-04 22:33:15,@99sm4,74,@hrh6u
2018-06-04 22:33:15,@99sm4,74,@58x4r
2018-06-05 22:33:15,@2s7bb,77,@u2m9a
2018-06-05 22:33:15,@61bfq,82,@fpg7q
2018-06-05 22:33:15,@2s7bb,84,@cfw1r
2018-06-05 22:33:15,@2s7bb,84,@u2m9a
2018-06-05 22:33:15,@lcn7z,85,@2s7bb
2018-06-05 22:33:15,@lcn7z,85,@9vkyy
2018-06-05 22:33:15,@2s7bb,86,@u2m9a
2018-06-05 22:33:15,@9bvyy,87,@26p4i
2018-06-05 22:33:15,@9bvyy,87,@lcn7z
2018-06-05 22:33:15,@lcn7z,88,@bp0nk
2018-06-05 22:33:15,@7113b,90,@58x4r
2018-06-05 22:33:15,@7113b,90,@u2m9a
2018-06-05 22:33:15,@fpg7q,93,@bp0nk
2018-06-05 22:33:15,@58x4r,95,@rsniw
2018-06-05 22:33:15,@99sm4,97,@58x4r
2018-06-05 22:33:15,@99sm4,97,@hrh6u
2018-06-05 22:33:15,@eg64d,100,@58x4r
2018-06-05 22:33:15,@8vwn1,102,@fpg7q
2018-06-05 22:33:15,@8vwn1,102,@9vkyy
2018-06-05 22:33:15,@0yyjn,103,@99sm4
2018-06-05 22:33:15,@9bvyy,104,@lcn7z
2018-06-05 22:33:15,@9bvyy,104,@26p4i
2018-06-06 22:33:15,@0yyjn,105,@99sm4
2018-06-06 22:33:15,@6qqfz,106,@26p4i
2018-06-06 22:33:15,@6qqfz,106,@lcn7z
2018-06-06 22:33:15,@6qqfz,106,@9bvyy
2018-06-06 22:33:15,@6qqfz,106,@8vwn1
2018-06-06 22:33:15,@5syh9,107,@7113b
2018-06-06 22:33:15,@5syh9,107,@99sm4
2018-06-06 22:33:15,@hrh6u,108,@58x4r
2018-06-06 22:33:15,@bp0nk,111,@99sm4
2018-06-06 22:33:15,@eg64d,112,@58x4r
2018-06-06 22:33:15,@9bvyy,113,@26p4i
2018-06-06 22:33:15,@9bvyy,113,@rsniw
2018-06-06 22:33:15,@9bvyy,113,@lcn7z
2018-06-06 22:33:15,@8vwn1,114,@99sm4
2018-06-06 22:33:15,@8vwn1,114,@9vkyy
2018-06-06 22:33:15,@hrh6u,115,@99sm4
2018-06-06 22:33:15,@7113b,116,@58x4r
2018-06-06 22:33:15,@7113b,116,@u2m9a
2018-06-06 22:33:15,@fpg7q,117,@bp0nk
2018-06-06 22:33:15,@lcn7z,118,@bp0nk
2018-06-06 22:33:15,@26p4i,119,@u2m9a
2018-06-06 22:33:15,@7113b,120,@u2m9a
2018-06-06 22:33:15,@6qqfz,121,@8vwn1
2018-06-06 22:33:15,@6qqfz,121,@lcn7z
2018-06-06 22:33:15,@6qqfz,121,@9bvyy
2018-06-06 22:33:15,@fpg7q,122,@hrh6u
2018-06-06 22:33:15,@cfw1r,124,@0yyjn
2018-06-06 22:33:15,@26p4i,125,@u2m9a
2018-06-06 22:33:15,@eg64d,126,@58x4r
2018-06-06 22:33:15,@hrh6u,127,@99sm4
2018-06-06 22:33:15,@9bvyy,128,@26p4i
2018-06-06 22:33:15,@9bvyy,128,@rsniw
2018-06-06 22:33:15,@9bvyy,128,@lcn7z
2018-06-07 22:33:15,@6qqfz,131,@8vwn1
2018-06-07 22:33:15,@cfw1r,134,@0yyjn
2018-06-07 22:33:15,@cfw1r,134,@u2m9a
2018-06-07 22:33:15,@bp0nk,136,@99sm4
2018-06-07 22:33:15,@99sm4,137,@hrh6u
2018-06-07 22:33:15,@99sm4,137,@58x4r
2018-06-07 22:33:15,@5syh9,138,@99sm4
2018-06-07 22:33:15,@5syh9,139,@99sm4
2018-06-07 22:33:15,@5syh9,139,@7113b
2018-06-07 22:33:15,@bp0nk,141,@99sm4
2018-06-07 22:33:15,@2s7bb,143,@cfw1r
2018-06-07 22:33:15,@lcn7z,144,@9vkyy
2018-06-07 22:33:15,@lcn7z,144,@bp0nk
2018-06-07 22:33:15,@lcn7z,144,@2s7bb
2018-06-07 22:33:15,@9vkyy,145,@8vwn1
2018-06-07 22:33:15,@58x4r,146,@rsniw
2018-06-07 22:33:15,@lcn7z,147,@9vkyy
2018-06-07 22:33:15,@5syh9,148,@99sm4
2018-06-07 22:33:15,@2s7bb,149,@cfw1r
2018-06-07 22:33:15,@eg64d,150,@58x4r
2018-06-07 22:33:15,@58x4r,151,@rsniw
2018-06-07 22:33:15,@9vkyy,152,@8vwn1
2018-06-07 22:33:15,@lcn7z,153,@bp0nk
2018-06-07 22:33:15,@lcn7z,153,@2s7bb
2018-06-07 22:33:15,@lcn7z,154,@9vkyy
2018-06-07 22:33:15,@hrh6u,157,@58x4r
2018-06-07 22:33:15,@hrh6u,157,@99sm4
2018-06-07 22:33:15,@2s7bb,158,@u2m9a
2018-06-08 22:33:15,@7113b,160,@u2m9a
2018-06-08 22:33:15,@8vwn1,161,@9vkyy
2018-06-08 22:33:15,@8vwn1,161,@99sm4
2018-06-08 22:33:15,@8vwn1,161,@fpg7q
2018-06-08 22:33:15,@5syh9,162,@99sm4
2018-06-08 22:33:15,@5syh9,162,@7113b
2018-06-08 22:33:15,@hrh6u,166,@99sm4
2018-06-08 22:33:15,@9vkyy,168,@8vwn1
2018-06-08 22:33:15,@58x4r,169,@rsniw
2018-06-08 22:33:15,@58x4r,171,@rsniw
2018-06-08 22:33:15,@lcn7z,172,@bp0nk
2018-06-08 22:33:15,@lcn7z,172,@9vkyy
2018-06-08 22:33:15,@8vwn1,173,@fpg7q
2018-06-08 22:33:15,@58x4r,174,@rsniw
2018-06-08 22:33:15,@58x4r,175,@rsniw
2018-06-08 22:33:15,@bp0nk,177,@99sm4
2018-06-08 22:33:15,@5syh9,178,@99sm4
2018-06-08 22:33:15,@fpg7q,180,@bp0nk
2018-06-08 22:33:15,@eg64d,181,@58x4r
2018-06-08 22:33:15,@8vwn1,182,@fpg7q
2018-06-08 22:33:15,@8vwn1,182,@99sm4
2018-06-08 22:33:15,@8vwn1,182,@9vkyy
2018-06-08 22:33:15,@fpg7q,186,@bp0nk
2018-06-09 22:33:15,@26p4i,189,@u2m9a
2018-06-09 22:33:15,@8vwn1,191,@fpg7q
2018-06-09 22:33:15,@8vwn1,191,@9vkyy
2018-06-09 22:33:15,@8vwn1,191,@99sm4
2018-06-09 22:33:15,@6qqfz,193,@9bvyy
2018-06-09 22:33:15,@9vkyy,194,@8vwn1
2018-06-09 22:33:15,@hrh6u,195,@99sm4
2018-06-09 22:33:15,@hrh6u,195,@58x4r
2018-06-09 22:33:15,@8vwn1,200,@99sm4
2018-06-09 22:33:15,@2s7bb,201,@u2m9a
2018-06-09 22:33:15,@8vwn1,209,@9vkyy
2018-06-09 22:33:15,@8vwn1,209,@99sm4
2018-06-09 22:33:15,@8vwn1,209,@fpg7q
2018-06-09 22:33:15,@9bvyy,211,@rsniw
2018-06-09 22:33:15,@9bvyy,211,@lcn7z
2018-06-09 22:33:15,@9bvyy,211,@26p4i
2018-06-10 22:33:15,@2s7bb,213,@cfw1r
2018-06-10 22:33:15,@2s7bb,213,@u2m9a
2018-06-10 22:33:15,@58x4r,214,@rsniw
2018-06-10 22:33:15,@cfw1r,215,@u2m9a
2018-06-10 22:33:15,@0yyjn,216,@99sm4
2018-06-10 22:33:15,@9vkyy,218,@8vwn1
2018-06-10 22:33:15,@2s7bb,220,@u2m9a
2018-06-10 22:33:15,@9vkyy,223,@8vwn1
2018-06-10 22:33:15,@2s7bb,224,@u2m9a
2018-06-10 22:33:15,@2s7bb,224,@cfw1r
2018-06-10 22:33:15,@61bfq,226,@fpg7q
2018-06-10 22:33:15,@lcn7z,227,@2s7bb
2018-06-10 22:33:15,@99sm4,228,@hrh6u
2018-06-10 22:33:15,@99sm4,228,@58x4r
2018-06-10 22:33:15,@0yyjn,229,@99sm4
2018-06-10 22:33:15,@bp0nk,230,@99sm4
2018-06-10 22:33:15,@0yyjn,232,@99sm4
2018-06-10 22:33:15,@99sm4,234,@hrh6u
2018-06-10 22:33:15,@5syh9,235,@99sm4
2018-06-10 22:33:15,@6qqfz,236,@9bvyy
2018-06-10 22:33:15,@6qqfz,236,@8vwn1
2018-06-10 22:33:15,@6qqfz,236,@lcn7z
2018-06-10 22:33:15,@26p4i,237,@u2m9a
2018-06-11 22:33:15,@8vwn1,239,@9vkyy
2018-06-11 22:33:15,@8vwn1,239,@fpg7q
2018-06-11 22:33:15,@8vwn1,239,@99sm4
2018-06-11 22:33:15,@bp0nk,240,@99sm4
2018-06-11 22:33:15,@hrh6u,241,@58x4r
2018-06-11 22:33:15,@hrh6u,243,@99sm4
2018-06-11 22:33:15,@7113b,245,@u2m9a
2018-06-11 22:33:15,@fpg7q,247,@bp0nk
2018-06-11 22:33:15,@6qqfz,248,@26p4i
2018-06-11 22:33:15,@6qqfz,248,@lcn7z
2018-06-11 22:33:15,@6qqfz,248,@8vwn1
2018-06-11 22:33:15,@9bvyy,249,@lcn7z
2018-06-11 22:33:15,@9bvyy,249,@rsniw
2018-06-11 22:33:15,@9bvyy,249,@26p4i
2018-06-11 22:33:15,@58x4r,251,@rsniw
2018-06-11 22:33:15,@0yyjn,253,@99sm4
2018-06-11 22:33:15,@fpg7q,254,@hrh6u
2018-06-11 22:33:15,@fpg7q,254,@bp0nk
2018-06-11 22:33:15,@lcn7z,257,@2s7bb
2018-06-11 22:33:15,@hrh6u,258,@99sm4
2018-06-11 22:33:15,@7113b,259,@58x4r
2018-06-11 22:33:15,@7113b,259,@u2m9a
2018-06-11 22:33:15,@26p4i,260,@u2m9a
2018-06-11 22:33:15,@99sm4,261,@hrh6u
2018-06-11 22:33:15,@bp0nk,263,@99sm4
2018-06-12 22:33:15,@fpg7q,264,@bp0nk
2018-06-12 22:33:15,@fpg7q,264,@hrh6u
2018-06-12 22:33:15,@fpg7q,265,@bp0nk
2018-06-12 22:33:15,@bp0nk,266,@99sm4
2018-06-12 22:33:15,@61bfq,269,@fpg7q
2018-06-12 22:33:15,@hrh6u,271,@99sm4
2018-06-12 22:33:15,@hrh6u,271,@58x4r
2018-06-12 22:33:15,@0yyjn,273,@99sm4
2018-06-12 22:33:15,@hrh6u,274,@58x4r
2018-06-12 22:33:15,@99sm4,275,@hrh6u
2018-06-12 22:33:15,@eg64d,276,@58x4r
2018-06-12 22:33:15,@hrh6u,277,@99sm4
2018-06-12 22:33:15,@hrh6u,277,@58x4r
2018-06-12 22:33:15,@5syh9,278,@7113b
2018-06-12 22:33:15,@5syh9,278,@99sm4
2018-06-12 22:33:15,@26p4i,279,@u2m9a
2018-06-12 22:33:15,@hrh6u,280,@99sm4
2018-06-12 22:33:15,@hrh6u,280,@58x4r
2018-06-12 22:33:15,@61bfq,281,@fpg7q
2018-06-12 22:33:15,@bp0nk,282,@99sm4
2018-06-12 22:33:15,@hrh6u,283,@99sm4
2018-06-12 22:33:15,@hrh6u,283,@58x4r
2018-06-12 22:33:15,@99sm4,284,@hrh6u
2018-06-12 22:33:15,@fpg7q,285,@hrh6u
2018-06-12 22:33:15,@hrh6u,289,@58x4r
2018-06-12 22:33:15,@hrh6u,289,@99sm4
2018-06-13 22:33:15,@8vwn1,292,@99sm4
2018-06-13 22:33:15,@lcn7z,294,@bp0nk
2018-06-13 22:33:15,@lcn7z,294,@9vkyy
2018-06-13 22:33:15,@99sm4,295,@58x4r
2018-06-13 22:33:15,@99sm4,296,@58x4r
2018-06-13 22:33:15,@99sm4,296,@hrh6u
2018-06-13 22:33:15,@8vwn1,297,@fpg7q
2018-06-13 22:33:15,@8vwn1,297,@99sm4
2018-06-13 22:33:15,@fpg7q,298,@bp0nk
2018-06-13 22:33:15,@5syh9,304,@7113b
2018-06-13 22:33:15,@5syh9,304,@99sm4
2018-06-13 22:33:15,@8vwn1,306,@9vkyy
2018-06-13 22:33:15,@8vwn1,306,@fpg7q
2018-06-13 22:33:15,@8vwn1,306,@99sm4
2018-06-13 22:33:15,@lcn7z,310,@bp0nk
2018-06-13 22:33:15,@lcn7z,310,@9vkyy
2018-06-13 22:33:15,@9bvyy,311,@26p4i
2018-06-13 22:33:15,@0yyjn,312,@99sm4
2018-06-13 22:33:15,@2s7bb,314,@cfw1r
2018-06-13 22:33:15,@bp0nk,315,@99sm4
2018-06-13 22:33:15,@26p4i,317,@u2m9a
2018-06-14 22:33:15,@hrh6u,318,@58x4r
2018-06-14 22:33:15,@6qqfz,319,@9bvyy
2018-06-14 22:33:15,@6qqfz,319,@8vwn1
2018-06-14 22:33:15,@6qqfz,319,@lcn7z
2018-06-14 22:33:15,@6qqfz,319,@26p4i
2018-06-14 22:33:15,@5syh9,320,@99sm4
2018-06-14 22:33:15,@bp0nk,322,@99sm4
2018-06-14 22:33:15,@7113b,325,@u2m9a
2018-06-14 22:33:15,@7113b,325,@58x4r
2018-06-14 22:33:15,@6qqfz,326,@lcn7z
2018-06-14 22:33:15,@26p4i,327,@u2m9a
2018-06-14 22:33:15,@bp0nk,328,@99sm4
2018-06-14 22:33:15,@61bfq,329,@fpg7q
2018-06-14 22:33:15,@lcn7z,330,@9vkyy
2018-06-14 22:33:15,@lcn7z,330,@bp0nk
2018-06-14 22:33:15,@lcn7z,330,@2s7bb
2018-06-14 22:33:15,@0yyjn,331,@99sm4
2018-06-14 22:33:15,@hrh6u,332,@58x4r
2018-06-14 22:33:15,@hrh6u,332,@99sm4
2018-06-14 22:33:15,@2s7bb,335,@cfw1r
2018-06-14 22:33:15,@26p4i,336,@u2m9a
2018-06-14 22:33:15,@9vkyy,337,@8vwn1
2018-06-14 22:33:15,@eg64d,339,@58x4r
2018-06-14 22:33:15,@58x4r,341,@rsniw
2018-06-15 22:33:15,@bp0nk,342,@99sm4
2018-06-15 22:33:15,@2s7bb,343,@cfw1r
2018-06-15 22:33:15,@9vkyy,344,@8vwn1
2018-06-15 22:33:15,@cfw1r,345,@u2m9a
2018-06-15 22:33:15,@eg64d,347,@58x4r
2018-06-15 22:33:15,@58x4r,348,@rsniw
2018-06-15 22:33:15,@8vwn1,349,@fpg7q
2018-06-15 22:33:15,@7113b,350,@58x4r
2018-06-15 22:33:15,@8vwn1,351,@fpg7q
2018-06-15 22:33:15,@8vwn1,351,@9vkyy
2018-06-15 22:33:15,@8vwn1,351,@99sm4
2018-06-15 22:33:15,@61bfq,352,@fpg7q
2018-06-15 22:33:15,@lcn7z,354,@bp0nk
2018-06-15 22:33:15,@cfw1r,355,@0yyjn
2018-06-15 22:33:15,@cfw1r,355,@u2m9a
2018-06-15 22:33:15,@eg64d,356,@58x4r
2018-06-15 22:33:15,@5syh9,357,@7113b
2018-06-15 22:33:15,@2s7bb,358,@cfw1r
2018-06-15 22:33:15,@99sm4,359,@58x4r
2018-06-15 22:33:15,@99sm4,359,@hrh6u
2018-06-15 22:33:15,@99sm4,360,@58x4r
2018-06-15 22:33:15,@99sm4,360,@hrh6u
2018-06-15 22:33:15,@6qqfz,361,@8vwn1
2018-06-15 22:33:15,@6qqfz,364,@8vwn1
2018-06-15 22:33:15,@6qqfz,366,@26p4i
2018-06-15 22:33:15,@99sm4,367,@58x4r
2018-06-15 22:33:15,@99sm4,367,@hrh6u
2018-06-15 22:33:15,@cfw1r,368,@0yyjn
2018-06-15 22:33:15,@99sm4,369,@hrh6u
2018-06-15 22:33:15,@99sm4,369,@58x4r
2018-06-15 22:33:15,@eg64d,370,@58x4r
2018-06-16 22:33:15,@hrh6u,371,@99sm4
2018-06-16 22:33:15,@58x4r,372,@rsniw
2018-06-16 22:33:15,@0yyjn,375,@99sm4
2018-06-16 22:33:15,@5syh9,377,@7113b
2018-06-16 22:33:15,@eg64d,378,@58x4r
2018-06-16 22:33:15,@8vwn1,380,@99sm4
2018-06-16 22:33:15,@8vwn1,380,@9vkyy
2018-06-16 22:33:15,@9bvyy,382,@rsniw
2018-06-16 22:33:15,@9bvyy,382,@lcn7z
2018-06-16 22:33:15,@9vkyy,384,@8vwn1
2018-06-16 22:33:15,@fpg7q,386,@bp0nk
2018-06-16 22:33:15,@fpg7q,386,@hrh6u
2018-06-16 22:33:15,@7113b,389,@58x4r
2018-06-16 22:33:15,@8vwn1,390,@9vkyy
2018-06-16 22:33:15,@8vwn1,390,@fpg7q
2018-06-16 22:33:15,@99sm4,391,@58x4r
2018-06-16 22:33:15,@5syh9,392,@99sm4
2018-06-16 22:33:15,@5syh9,393,@7113b
2018-06-16 22:33:15,@26p4i,394,@u2m9a
2018-06-16 22:33:15,@bp0nk,395,@99sm4
2018-06-17 22:33:15,@5syh9,397,@99sm4
2018-06-17 22:33:15,@5syh9,397,@7113b
2018-06-17 22:33:15,@cfw1r,399,@u2m9a
2018-06-17 22:33:15,@cfw1r,399,@0yyjn
2018-06-17 22:33:15,@7113b,400,@58x4r
2018-06-17 22:33:15,@7113b,400,@u2m9a
2018-06-17 22:33:15,@99sm4,404,@58x4r
2018-06-17 22:33:15,@99sm4,404,@hrh6u
2018-06-17 22:33:15,@0yyjn,412,@99sm4
2018-06-17 22:33:15,@0yyjn,413,@99sm4
2018-06-17 22:33:15,@cfw1r,416,@u2m9a
2018-06-17 22:33:15,@9bvyy,417,@lcn7z
2018-06-17 22:33:15,@9bvyy,417,@rsniw
2018-06-17 22:33:15,@9bvyy,417,@26p4i
2018-06-17 22:33:15,@eg64d,419,@58x4r
2018-06-17 22:33:15,@9bvyy,422,@rsniw
2018-06-17 22:33:15,@9vkyy,423,@8vwn1
2018-06-18 22:33:15,@2s7bb,424,@cfw1r
2018-06-18 22:33:15,@2s7bb,424,@u2m9a
2018-06-18 22:33:15,@99sm4,427,@hrh6u
2018-06-18 22:33:15,@lcn7z,428,@2s7bb
2018-06-18 22:33:15,@lcn7z,428,@bp0nk
2018-06-18 22:33:15,@lcn7z,428,@9vkyy
2018-06-18 22:33:15,@61bfq,432,@fpg7q
2018-06-18 22:33:15,@2s7bb,433,@u2m9a
2018-06-18 22:33:15,@2s7bb,433,@cfw1r
2018-06-18 22:33:15,@cfw1r,434,@u2m9a
2018-06-18 22:33:15,@8vwn1,435,@99sm4
2018-06-18 22:33:15,@hrh6u,437,@58x4r
2018-06-18 22:33:15,@8vwn1,438,@fpg7q
2018-06-18 22:33:15,@8vwn1,438,@99sm4
2018-06-18 22:33:15,@eg64d,439,@58x4r
2018-06-18 22:33:15,@99sm4,440,@58x4r
2018-06-18 22:33:15,@99sm4,440,@hrh6u
2018-06-18 22:33:15,@99sm4,445,@58x4r
2018-06-18 22:33:15,@9bvyy,447,@rsniw
2018-06-18 22:33:15,@9bvyy,447,@26p4i
2018-06-18 22:33:15,@9bvyy,447,@lcn7z
2018-06-18 22:33:15,@cfw1r,449,@u2m9a
2018-06-18 22:33:15,@cfw1r,449,@0yyjn
2018-06-18 22:33:15,@9bvyy,450,@lcn7z
2018-06-18 22:33:15,@9bvyy,450,@26p4i
2018-06-18 22:33:15,@9bvyy,450,@rsniw
2018-06-19 22:33:15,@8vwn1,452,@9vkyy
2018-06-19 22:33:15,@8vwn1,452,@fpg7q
2018-06-19 22:33:15,@hrh6u,455,@99sm4
2018-06-19 22:33:15,@9vkyy,456,@8vwn1
2018-06-19 22:33:15,@fpg7q,457,@bp0nk
2018-06-19 22:33:15,@cfw1r,458,@0yyjn
2018-06-19 22:33:15,@cfw1r,458,@u2m9a
2018-06-19 22:33:15,@7113b,459,@58x4r
2018-06-19 22:33:15,@8vwn1,460,@99sm4
2018-06-19 22:33:15,@8vwn1,460,@9vkyy
2018-06-19 22:33:15,@61bfq,462,@fpg7q
2018-06-19 22:33:15,@26p4i,463,@u2m9a
2018-06-19 22:33:15,@99sm4,466,@58x4r
2018-06-19 22:33:15,@fpg7q,467,@hrh6u
2018-06-19 22:33:15,@fpg7q,467,@bp0nk
2018-06-19 22:33:15,@fpg7q,468,@hrh6u
2018-06-19 22:33:15,@fpg7q,468,@bp0nk
2018-06-19 22:33:15,@hrh6u,469,@99sm4
2018-06-19 22:33:15,@99sm4,470,@58x4r
2018-06-19 22:33:15,@2s7bb,471,@cfw1r
2018-06-19 22:33:15,@0yyjn,474,@99sm4
2018-06-20 22:33:15,@cfw1r,476,@u2m9a
2018-06-20 22:33:15,@cfw1r,476,@0yyjn
2018-06-20 22:33:15,@9vkyy,477,@8vwn1
2018-06-20 22:33:15,@61bfq,478,@fpg7q
2018-06-20 22:33:15,@26p4i,479,@u2m9a
2018-06-20 22:33:15,@6qqfz,480,@8vwn1
2018-06-20 22:33:15,@6qqfz,480,@9bvyy
2018-06-20 22:33:15,@2s7bb,481,@cfw1r
2018-06-20 22:33:15,@26p4i,483,@u2m9a
2018-06-20 22:33:15,@5syh9,484,@7113b
2018-06-20 22:33:15,@fpg7q,485,@hrh6u
2018-06-20 22:33:15,@eg64d,486,@58x4r
2018-06-20 22:33:15,@fpg7q,489,@hrh6u
2018-06-20 22:33:15,@fpg7q,489,@bp0nk
2018-06-20 22:33:15,@hrh6u,490,@58x4r
2018-06-20 22:33:15,@hrh6u,490,@99sm4
2018-06-20 22:33:15,@lcn7z,491,@bp0nk
2018-06-20 22:33:15,@lcn7z,491,@2s7bb
2018-06-20 22:33:15,@lcn7z,491,@9vkyy
2018-06-20 22:33:15,@26p4i,492,@u2m9a
2018-06-20 22:33:15,@99sm4,493,@hrh6u
2018-06-20 22:33:15,@99sm4,493,@58x4r
2018-06-20 22:33:15,@lcn7z,495,@2s7bb
2018-06-20 22:33:15,@lcn7z,495,@9vkyy
2018-06-20 22:33:15,@26p4i,498,@u2m9a
2018-06-20 22:33:15,@9bvyy,499,@rsniw
2018-06-20 22:33:15,@9bvyy,499,@lcn7z
2018-06-20 22:33:15,@9bvyy,499,@26p4i
2018-06-20 22:33:15,@eg64d,500,@58x4r
2018-06-20 22:33:15,@hrh6u,501,@58x4r
2018-06-20 22:33:15,@hrh6u,501,@99sm4
2018-06-21 22:33:15,@hrh6u,502,@58x4r
2018-06-21 22:33:15,@hrh6u,502,@99sm4
2018-06-21 22:33:15,@6qqfz,503,@8vwn1
2018-06-21 22:33:15,@9bvyy,504,@rsniw
2018-06-21 22:33:15,@5syh9,505,@7113b
2018-06-21 22:33:15,@bp0nk,506,@99sm4
2018-06-21 22:33:15,@26p4i,509,@u2m9a
2018-06-21 22:33:15,@fpg7q,510,@hrh6u
2018-06-21 22:33:15,@99sm4,511,@58x4r
2018-06-21 22:33:15,@99sm4,511,@hrh6u
2018-06-21 22:33:15,@eg64d,512,@58x4r
2018-06-21 22:33:15,@eg64d,514,@58x4r
2018-06-21 22:33:15,@bp0nk,515,@99sm4
2018-06-21 22:33:15,@99sm4,516,@58x4r
2018-06-21 22:33:15,@99sm4,516,@hrh6u
2018-06-21 22:33:15,@0yyjn,519,@99sm4
2018-06-21 22:33:15,@5syh9,521,@99sm4
2018-06-21 22:33:15,@5syh9,521,@7113b
2018-06-21 22:33:15,@fpg7q,522,@bp0nk
2018-06-21 22:33:15,@cfw1r,523,@0yyjn
2018-06-21 22:33:15,@5syh9,524,@7113b
2018-06-21 22:33:15,@61bfq,525,@fpg7q
2018-06-21 22:33:15,@hrh6u,527,@58x4r
2018-06-21 22:33:15,@8vwn1,529,@9vkyy
2018-06-22 22:33:15,@6qqfz,531,@lcn7z
2018-06-22 22:33:15,@9vkyy,532,@8vwn1
2018-06-22 22:33:15,@6qqfz,535,@8vwn1
2018-06-22 22:33:15,@6qqfz,535,@9bvyy
2018-06-22 22:33:15,@26p4i,536,@u2m9a
2018-06-22 22:33:15,@lcn7z,537,@bp0nk
2018-06-22 22:33:15,@lcn7z,537,@2s7bb
2018-06-22 22:33:15,@9bvyy,539,@rsniw
2018-06-22 22:33:15,@9bvyy,539,@26p4i
2018-06-22 22:33:15,@9bvyy,539,@lcn7z
2018-06-22 22:33:15,@26p4i,542,@u2m9a
2018-06-22 22:33:15,@58x4r,544,@rsniw
2018-06-22 22:33:15,@8vwn1,548,@9vkyy
2018-06-22 22:33:15,@8vwn1,548,@fpg7q
2018-06-22 22:33:15,@8vwn1,548,@99sm4
2018-06-22 22:33:15,@7113b,549,@58x4r
2018-06-22 22:33:15,@99sm4,551,@hrh6u
2018-06-22 22:33:15,@99sm4,551,@58x4r
2018-06-22 22:33:15,@hrh6u,552,@99sm4
2018-06-22 22:33:15,@hrh6u,552,@58x4r
2018-06-22 22:33:15,@cfw1r,553,@u2m9a
2018-06-22 22:33:15,@hrh6u,555,@58x4r
2018-06-22 22:33:15,@hrh6u,555,@99sm4
2018-06-23 22:33:15,@2s7bb,560,@cfw1r
2018-06-23 22:33:15,@2s7bb,560,@u2m9a
2018-06-23 22:33:15,@99sm4,561,@hrh6u
2018-06-23 22:33:15,@6qqfz,562,@8vwn1
2018-06-23 22:33:15,@6qqfz,562,@26p4i
2018-06-23 22:33:15,@6qqfz,562,@9bvyy
2018-06-23 22:33:15,@6qqfz,562,@lcn7z
2018-06-23 22:33:15,@9vkyy,563,@8vwn1
2018-06-23 22:33:15,@9bvyy,564,@lcn7z
2018-06-23 22:33:15,@6qqfz,568,@lcn7z
2018-06-23 22:33:15,@58x4r,570,@rsniw
2018-06-23 22:33:15,@2s7bb,572,@u2m9a
2018-06-23 22:33:15,@9bvyy,573,@26p4i
2018-06-23 22:33:15,@9bvyy,573,@lcn7z
2018-06-23 22:33:15,@9bvyy,573,@rsniw
2018-06-23 22:33:15,@5syh9,574,@7113b
2018-06-23 22:33:15,@5syh9,574,@99sm4
2018-06-23 22:33:15,@cfw1r,575,@0yyjn
2018-06-23 22:33:15,@cfw1r,575,@u2m9a
2018-06-23 22:33:15,@fpg7q,576,@bp0nk
2018-06-23 22:33:15,@fpg7q,577,@hrh6u
2018-06-23 22:33:15,@fpg7q,577,@bp0nk
2018-06-23 22:33:15,@99sm4,578,@58x4r
2018-06-23 22:33:15,@99sm4,578,@hrh6u
2018-06-23 22:33:15,@9vkyy,579,@8vwn1
2018-06-23 22:33:15,@8vwn1,580,@99sm4
2018-06-23 22:33:15,@bp0nk,581,@99sm4
2018-06-23 22:33:15,@99sm4,583,@58x4r
2018-06-24 22:33:15,@6qqfz,584,@lcn7z
2018-06-24 22:33:15,@6qqfz,584,@9bvyy
2018-06-24 22:33:15,@6qqfz,584,@26p4i
2018-06-24 22:33:15,@99sm4,587,@58x4r
2018-06-24 22:33:15,@99sm4,587,@hrh6u
2018-06-24 22:33:15,@5syh9,588,@7113b
2018-06-24 22:33:15,@5syh9,588,@99sm4
2018-06-24 22:33:15,@5syh9,591,@99sm4
2018-06-24 22:33:15,@5syh9,591,@7113b
2018-06-24 22:33:15,@5syh9,592,@99sm4
2018-06-24 22:33:15,@9vkyy,593,@8vwn1
2018-06-24 22:33:15,@6qqfz,594,@8vwn1
2018-06-24 22:33:15,@6qqfz,594,@26p4i
2018-06-24 22:33:15,@6qqfz,594,@9bvyy
2018-06-24 22:33:15,@6qqfz,594,@lcn7z
2018-06-24 22:33:15,@9vkyy,595,@8vwn1
2018-06-24 22:33:15,@7113b,596,@58x4r
2018-06-24 22:33:15,@hrh6u,597,@99sm4
2018-06-24 22:33:15,@9vkyy,598,@8vwn1
2018-06-24 22:33:15,@9bvyy,600,@lcn7z
2018-06-24 22:33:15,@6qqfz,601,@9bvyy
2018-06-24 22:33:15,@6qqfz,601,@26p4i
2018-06-24 22:33:15,@99sm4,605,@hrh6u
2018-06-24 22:33:15,@fpg7q,608,@hrh6u
2018-06-24 22:33:15,@bp0nk,611,@99sm4
2018-06-25 22:33:15,@0yyjn,612,@99sm4
2018-06-25 22:33:15,@2s7bb,614,@u2m9a
2018-06-25 22:33:15,@2s7bb,614,@cfw1r
2018-06-25 22:33:15,@0yyjn,615,@99sm4
2018-06-25 22:33:15,@8vwn1,616,@9vkyy
2018-06-25 22:33:15,@8vwn1,618,@9vkyy
2018-06-25 22:33:15,@8vwn1,618,@99sm4
2018-06-25 22:33:15,@0yyjn,619,@99sm4
2018-06-25 22:33:15,@9bvyy,620,@26p4i
2018-06-25 22:33:15,@9bvyy,620,@rsniw
2018-06-25 22:33:15,@9bvyy,620,@lcn7z
2018-06-25 22:33:15,@9bvyy,621,@lcn7z
2018-06-25 22:33:15,@9bvyy,621,@rsniw
2018-06-25 22:33:15,@cfw1r,623,@u2m9a
2018-06-25 22:33:15,@9bvyy,624,@rsniw
2018-06-25 22:33:15,@9bvyy,624,@26p4i
2018-06-25 22:33:15,@5syh9,625,@99sm4
2018-06-25 22:33:15,@6qqfz,628,@8vwn1
2018-06-25 22:33:15,@6qqfz,628,@9bvyy
2018-06-25 22:33:15,@6qqfz,628,@lcn7z
2018-06-25 22:33:15,@6qqfz,629,@9bvyy
2018-06-25 22:33:15,@6qqfz,629,@lcn7z
2018-06-25 22:33:15,@6qqfz,629,@8vwn1
2018-06-25 22:33:15,@6qqfz,629,@26p4i
2018-06-25 22:33:15,@bp0nk,630,@99sm4
2018-06-25 22:33:15,@99sm4,631,@hrh6u
2018-06-25 22:33:15,@99sm4,631,@58x4r
2018-06-25 22:33:15,@8vwn1,634,@99sm4
2018-06-25 22:33:15,@8vwn1,634,@9vkyy
2018-06-25 22:33:15,@8vwn1,634,@fpg7q
2018-06-26 22:33:15,@9vkyy,635,@8vwn1
2018-06-26 22:33:15,@lcn7z,636,@2s7bb
2018-06-26 22:33:15,@lcn7z,636,@9vkyy
2018-06-26 22:33:15,@lcn7z,636,@bp0nk
2018-06-26 22:33:15,@5syh9,638,@7113b
2018-06-26 22:33:15,@9vkyy,641,@8vwn1
2018-06-26 22:33:15,@26p4i,643,@u2m9a
2018-06-26 22:33:15,@lcn7z,644,@9vkyy
2018-06-26 22:33:15,@lcn7z,644,@bp0nk
2018-06-26 22:33:15,@5syh9,648,@99sm4
2018-06-26 22:33:15,@9bvyy,649,@rsniw
2018-06-26 22:33:15,@9bvyy,649,@26p4i
2018-06-26 22:33:15,@9bvyy,649,@lcn7z
2018-06-26 22:33:15,@8vwn1,650,@fpg7q
2018-06-26 22:33:15,@6qqfz,651,@lcn7z
2018-06-26 22:33:15,@6qqfz,651,@9bvyy
2018-06-26 22:33:15,@6qqfz,651,@8vwn1
2018-06-26 22:33:15,@6qqfz,651,@26p4i
2018-06-26 22:33:15,@9vkyy,656,@8vwn1
2018-06-26 22:33:15,@2s7bb,658,@cfw1r
2018-06-26 22:33:15,@2s7bb,658,@u2m9a
2018-06-26 22:33:15,@99sm4,661,@hrh6u
2018-06-27 22:33:15,@lcn7z,662,@bp0nk
2018-06-27 22:33:15,@lcn7z,662,@2s7bb
2018-06-27 22:33:15,@lcn7z,662,@9vkyy
2018-06-27 22:33:15,@bp0nk,663,@99sm4
2018-06-27 22:33:15,@9vkyy,664,@8vwn1
2018-06-27 22:33:15,@bp0nk,665,@99sm4
2018-06-27 22:33:15,@99sm4,666,@58x4r
2018-06-27 22:33:15,@hrh6u,668,@58x4r
2018-06-27 22:33:15,@bp0nk,669,@99sm4
2018-06-27 22:33:15,@eg64d,670,@58x4r
2018-06-27 22:33:15,@cfw1r,671,@u2m9a
2018-06-27 22:33:15,@cfw1r,671,@0yyjn
2018-06-27 22:33:15,@0yyjn,673,@99sm4
2018-06-27 22:33:15,@lcn7z,674,@2s7bb
2018-06-27 22:33:15,@lcn7z,674,@bp0nk
2018-06-27 22:33:15,@2s7bb,675,@cfw1r
2018-06-27 22:33:15,@2s7bb,676,@cfw1r
2018-06-27 22:33:15,@6qqfz,679,@lcn7z
2018-06-27 22:33:15,@99sm4,680,@58x4r
2018-06-27 22:33:15,@cfw1r,681,@u2m9a
2018-06-27 22:33:15,@61bfq,682,@fpg7q
2018-06-27 22:33:15,@lcn7z,683,@9vkyy
2018-06-27 22:33:15,@6qqfz,689,@26p4i
2018-06-27 22:33:15,@9vkyy,690,@8vwn1
2018-06-28 22:33:15,@eg64d,694,@58x4r
2018-06-28 22:33:15,@61bfq,695,@fpg7q
2018-06-28 22:33:15,@2s7bb,698,@cfw1r
2018-06-28 22:33:15,@2s7bb,701,@cfw1r
2018-06-28 22:33:15,@bp0nk,703,@99sm4
2018-06-28 22:33:15,@9bvyy,706,@rsniw
2018-06-28 22:33:15,@9bvyy,706,@lcn7z
2018-06-28 22:33:15,@9bvyy,706,@26p4i
2018-06-28 22:33:15,@61bfq,707,@fpg7q
2018-06-28 22:33:15,@7113b,709,@58x4r
2018-06-28 22:33:15,@cfw1r,710,@0yyjn
2018-06-28 22:33:15,@8vwn1,711,@99sm4
2018-06-28 22:33:15,@7113b,712,@58x4r
2018-06-28 22:33:15,@7113b,712,@u2m9a
2018-06-28 22:33:15,@7113b,713,@58x4r
2018-06-28 22:33:15,@7113b,713,@u2m9a
2018-06-28 22:33:15,@7113b,714,@u2m9a
2018-06-28 22:33:15,@7113b,714,@58x4r
2018-06-28 22:33:15,@2s7bb,716,@cfw1r
2018-06-28 22:33:15,@2s7bb,716,@u2m9a
2018-06-28 22:33:15,@5syh9,717,@7113b
2018-06-28 22:33:15,@5syh9,717,@99sm4
2018-06-29 22:33:15,@7113b,718,@u2m9a
2018-06-29 22:33:15,@7113b,718,@58x4r
2018-06-29 22:33:15,@bp0nk,720,@99sm4
2018-06-29 22:33:15,@eg64d,721,@58x4r
2018-06-29 22:33:15,@2s7bb,722,@cfw1r
2018-06-29 22:33:15,@2s7bb,722,@u2m9a
2018-06-29 22:33:15,@8vwn1,723,@fpg7q
2018-06-29 22:33:15,@61bfq,724,@fpg7q
2018-06-29 22:33:15,@8vwn1,725,@9vkyy
2018-06-29 22:33:15,@8vwn1,725,@99sm4
2018-06-29 22:33:15,@8vwn1,725,@fpg7q
2018-06-29 22:33:15,@8vwn1,726,@fpg7q
2018-06-29 22:33:15,@8vwn1,726,@9vkyy
2018-06-29 22:33:15,@9bvyy,728,@26p4i
2018-06-29 22:33:15,@9bvyy,728,@lcn7z
2018-06-29 22:33:15,@9bvyy,728,@rsniw
2018-06-29 22:33:15,@8vwn1,729,@fpg7q
2018-06-29 22:33:15,@8vwn1,729,@99sm4
2018-06-29 22:33:15,@8vwn1,729,@9vkyy
2018-06-29 22:33:15,@cfw1r,733,@u2m9a
2018-06-29 22:33:15,@cfw1r,733,@0yyjn
2018-06-29 22:33:15,@cfw1r,735,@0yyjn
2018-06-29 22:33:15,@cfw1r,735,@u2m9a
2018-06-29 22:33:15,@8vwn1,737,@9vkyy
2018-06-29 22:33:15,@8vwn1,737,@fpg7q
2018-06-29 22:33:15,@8vwn1,737,@99sm4
2018-06-29 22:33:15,@eg64d,738,@58x4r
2018-06-29 22:33:15,@2s7bb,739,@u2m9a
2018-06-29 22:33:15,@fpg7q,740,@hrh6u
2018-06-29 22:33:15,@fpg7q,740,@bp0nk
2018-06-29 22:33:15,@lcn7z,741,@2s7bb
2018-06-29 22:33:15,@lcn7z,741,@9vkyy
2018-06-29 22:33:15,@hrh6u,742,@99sm4
2018-06-30 22:33:15,@bp0nk,744,@99sm4
2018-06-30 22:33:15,@lcn7z,748,@bp0nk
2018-06-30 22:33:15,@hrh6u,750,@58x4r
2018-06-30 22:33:15,@hrh6u,750,@99sm4
2018-06-30 22:33:15,@26p4i,752,@u2m9a
2018-06-30 22:33:15,@fpg7q,753,@hrh6u
2018-06-30 22:33:15,@8vwn1,755,@fpg7q
2018-06-30 22:33:15,@8vwn1,755,@9vkyy
2018-06-30 22:33:15,@8vwn1,755,@99sm4
2018-06-30 22:33:15,@eg64d,756,@58x4r
2018-06-30 22:33:15,@6qqfz,758,@26p4i
2018-06-30 22:33:15,@6qqfz,758,@lcn7z
2018-06-30 22:33:15,@26p4i,759,@u2m9a
2018-06-30 22:33:15,@99sm4,760,@hrh6u
2018-06-30 22:33:15,@99sm4,760,@58x4r
2018-06-30 22:33:15,@0yyjn,763,@99sm4
2018-06-30 22:33:15,@7113b,764,@u2m9a
2018-06-30 22:33:15,@hrh6u,766,@99sm4
2018-06-30 22:33:15,@8vwn1,767,@99sm4
2018-06-30 22:33:15,@8vwn1,767,@fpg7q
2018-06-30 22:33:15,@2s7bb,768,@u2m9a
2018-07-01 22:33:15,@cfw1r,771,@u2m9a
2018-07-01 22:33:15,@eg64d,773,@58x4r
2018-07-01 22:33:15,@fpg7q,774,@bp0nk
2018-07-01 22:33:15,@5syh9,775,@7113b
2018-07-01 22:33:15,@58x4r,776,@rsniw
2018-07-01 22:33:15,@5syh9,778,@99sm4
2018-07-01 22:33:15,@99sm4,779,@58x4r
2018-07-01 22:33:15,@cfw1r,780,@0yyjn
2018-07-01 22:33:15,@cfw1r,780,@u2m9a
2018-07-01 22:33:15,@hrh6u,781,@99sm4
2018-07-01 22:33:15,@2s7bb,782,@cfw1r
2018-07-01 22:33:15,@2s7bb,782,@u2m9a
2018-07-01 22:33:15,@hrh6u,785,@58x4r
2018-07-01 22:33:15,@hrh6u,785,@99sm4
2018-07-01 22:33:15,@7113b,786,@58x4r
2018-07-01 22:33:15,@7113b,786,@u2m9a
2018-07-01 22:33:15,@cfw1r,789,@u2m9a
2018-07-01 22:33:15,@8vwn1,791,@9vkyy
2018-07-01 22:33:15,@8vwn1,791,@fpg7q
2018-07-01 22:33:15,@8vwn1,791,@99sm4
2018-07-01 22:33:15,@8vwn1,792,@9vkyy
2018-07-01 22:33:15,@8vwn1,792,@99sm4
2018-07-01 22:33:15,@5syh9,794,@7113b
2018-07-01 22:33:15,@lcn7z,795,@2s7bb
2018-07-01 22:33:15,@lcn7z,795,@9vkyy
2018-07-01 22:33:15,@lcn7z,795,@bp0nk
2018-07-02 22:33:15,@26p4i,798,@u2m9a
2018-07-02 22:33:15,@26p4i,798,@58x4r
2018-07-02 22:33:15,@0yyjn,799,@9bvyy
2018-07-02 22:33:15,@fpg7q,800,@hrh6u
2018-07-02 22:33:15,@fpg7q,800,@u2m9a
2018-07-02 22:33:15,@fpg7q,800,@bp0nk
2018-07-02 22:33:15,@9bvyy,802,@26p4i
2018-07-02 22:33:15,@9bvyy,802,@6qqfz
2018-07-02 22:33:15,@9bvyy,802,@rsniw
2018-07-02 22:33:15,@9bvyy,802,@lcn7z
2018-07-02 22:33:15,@9bvyy,802,@8vwn1
2018-07-02 22:33:15,@9bvyy,802,@61bfq
2018-07-02 22:33:15,@9bvyy,802,@58x4r
2018-07-02 22:33:15,@0yyjn,803,@9bvyy
2018-07-02 22:33:15,@0yyjn,803,@99sm4
2018-07-02 22:33:15,@6qqfz,805,@9bvyy
2018-07-02 22:33:15,@6qqfz,805,@26p4i
2018-07-02 22:33:15,@6qqfz,805,@8vwn1
2018-07-02 22:33:15,@6qqfz,805,@99sm4
2018-07-02 22:33:15,@6qqfz,805,@7113b
2018-07-02 22:33:15,@6qqfz,805,@5syh9
2018-07-02 22:33:15,@58x4r,807,@eg64d
2018-07-02 22:33:15,@58x4r,807,@rsniw
2018-07-02 22:33:15,@0yyjn,808,@9bvyy
2018-07-02 22:33:15,@0yyjn,808,@99sm4
2018-07-02 22:33:15,@0yyjn,808,@9vkyy
2018-07-02 22:33:15,@2s7bb,809,@0yyjn
2018-07-02 22:33:15,@2s7bb,809,@cfw1r
2018-07-02 22:33:15,@9vkyy,810,@rsniw
2018-07-02 22:33:15,@9vkyy,810,@hrh6u
2018-07-02 22:33:15,@9vkyy,810,@8vwn1
2018-07-02 22:33:15,@9vkyy,810,@99sm4
2018-07-02 22:33:15,@9vkyy,810,@cfw1r
2018-07-02 22:33:15,@26p4i,811,@0yyjn
2018-07-02 22:33:15,@26p4i,811,@u2m9a
2018-07-02 22:33:15,@7113b,812,@5syh9
2018-07-02 22:33:15,@7113b,812,@58x4r
2018-07-02 22:33:15,@6qqfz,813,@lcn7z
2018-07-02 22:33:15,@6qqfz,813,@99sm4
2018-07-02 22:33:15,@6qqfz,813,@26p4i
2018-07-02 22:33:15,@6qqfz,813,@9bvyy
2018-07-02 22:33:15,@8vwn1,814,@0yyjn
2018-07-02 22:33:15,@8vwn1,814,@9vkyy
2018-07-02 22:33:15,@8vwn1,814,@fpg7q
2018-07-02 22:33:15,@8vwn1,814,@99sm4
2018-07-02 22:33:15,@99sm4,815,@5syh9
2018-07-02 22:33:15,@99sm4,815,@58x4r
2018-07-02 22:33:15,@99sm4,815,@hrh6u
2018-07-02 22:33:15,@lcn7z,816,@9vkyy
2018-07-02 22:33:15,@lcn7z,816,@6qqfz
2018-07-02 22:33:15,@lcn7z,816,@bp0nk
2018-07-02 22:33:15,@lcn7z,816,@2s7bb
2018-07-02 22:33:15,@u2m9a,817,@cfw1r
2018-07-02 22:33:15,@u2m9a,817,@fpg7q
2018-07-02 22:33:15,@u2m9a,817,@6qqfz
2018-07-02 22:33:15,@u2m9a,817,@5syh9
2018-07-02 22:33:15,@lcn7z,818,@bp0nk
2018-07-02 22:33:15,@lcn7z,818,@9vkyy
2018-07-02 22:33:15,@fpg7q,819,@bp0nk
2018-07-02 22:33:15,@fpg7q,819,@hrh6u
2018-07-02 22:33:15,@fpg7q,819,@u2m9a
2018-07-02 22:33:15,@26p4i,820,@u2m9a
2018-07-02 22:33:15,@26p4i,820,@58x4r
2018-07-02 22:33:15,@5syh9,821,@7113b
2018-07-02 22:33:15,@6qqfz,823,@lcn7z
2018-07-02 22:33:15,@6qqfz,823,@99sm4
2018-07-02 22:33:15,@6qqfz,823,@5syh9
2018-07-02 22:33:15,@6qqfz,823,@26p4i
2018-07-02 22:33:15,@99sm4,824,@5syh9
2018-07-02 22:33:15,@99sm4,824,@58x4r
2018-07-02 22:33:15,@6qqfz,825,@9bvyy
2018-07-02 22:33:15,@6qqfz,825,@7113b
2018-07-02 22:33:15,@6qqfz,825,@26p4i
2018-07-02 22:33:15,@6qqfz,825,@5syh9
2018-07-02 22:33:15,@6qqfz,825,@8vwn1
2018-07-02 22:33:15,@6qqfz,825,@lcn7z
2018-07-02 22:33:15,@hrh6u,826,@u2m9a
2018-07-02 22:33:15,@eg64d,827,@2s7bb
2018-07-02 22:33:15,@eg64d,827,@9bvyy
2018-07-02 22:33:15,@eg64d,827,@58x4r
2018-07-03 22:33:15,@5syh9,828,@7113b
2018-07-03 22:33:15,@99sm4,829,@58x4r
2018-07-03 22:33:15,@99sm4,829,@hrh6u
2018-07-03 22:33:15,@lcn7z,830,@2s7bb
2018-07-03 22:33:15,@lcn7z,830,@6qqfz
2018-07-03 22:33:15,@lcn7z,830,@9vkyy
2018-07-03 22:33:15,@61bfq,832,@hrh6u
2018-07-03 22:33:15,@61bfq,832,@5syh9
2018-07-03 22:33:15,@u2m9a,833,@5syh9
2018-07-03 22:33:15,@u2m9a,833,@cfw1r
2018-07-03 22:33:15,@u2m9a,833,@6qqfz
2018-07-03 22:33:15,@u2m9a,833,@fpg7q
2018-07-03 22:33:15,@8vwn1,835,@99sm4
2018-07-03 22:33:15,@8vwn1,835,@9vkyy
2018-07-03 22:33:15,@cfw1r,836,@u2m9a
2018-07-03 22:33:15,@cfw1r,836,@0yyjn
2018-07-03 22:33:15,@cfw1r,836,@61bfq
2018-07-03 22:33:15,@cfw1r,836,@bp0nk
2018-07-03 22:33:15,@cfw1r,836,@99sm4
2018-07-03 22:33:15,@cfw1r,836,@9vkyy
2018-07-03 22:33:15,@hrh6u,837,@eg64d
2018-07-03 22:33:15,@9vkyy,838,@rsniw
2018-07-03 22:33:15,@9vkyy,838,@8vwn1
2018-07-03 22:33:15,@9vkyy,838,@99sm4
2018-07-03 22:33:15,@9vkyy,838,@2s7bb
2018-07-03 22:33:15,@9bvyy,839,@26p4i
2018-07-03 22:33:15,@9bvyy,839,@rsniw
2018-07-03 22:33:15,@9bvyy,839,@6qqfz
2018-07-03 22:33:15,@9bvyy,839,@8vwn1
2018-07-03 22:33:15,@9bvyy,839,@lcn7z
2018-07-03 22:33:15,@2s7bb,840,@0yyjn
2018-07-03 22:33:15,@99sm4,841,@5syh9
2018-07-03 22:33:15,@99sm4,841,@58x4r
2018-07-03 22:33:15,@fpg7q,842,@bp0nk
2018-07-03 22:33:15,@fpg7q,842,@hrh6u
2018-07-03 22:33:15,@fpg7q,842,@u2m9a
2018-07-03 22:33:15,@2s7bb,845,@cfw1r
2018-07-03 22:33:15,@26p4i,846,@58x4r
2018-07-03 22:33:15,@26p4i,846,@u2m9a
2018-07-03 22:33:15,@fpg7q,847,@hrh6u
2018-07-03 22:33:15,@cfw1r,848,@0yyjn
2018-07-03 22:33:15,@99sm4,849,@58x4r
2018-07-03 22:33:15,@99sm4,849,@hrh6u
2018-07-03 22:33:15,@9vkyy,850,@cfw1r
2018-07-03 22:33:15,@9vkyy,850,@8vwn1
2018-07-03 22:33:15,@rsniw,851,@2s7bb
2018-07-03 22:33:15,@6qqfz,854,@9bvyy
2018-07-03 22:33:15,@6qqfz,854,@7113b
2018-07-03 22:33:15,@6qqfz,854,@26p4i
2018-07-03 22:33:15,@6qqfz,854,@99sm4
2018-07-03 22:33:15,@6qqfz,854,@lcn7z
2018-07-03 22:33:15,@6qqfz,854,@5syh9
2018-07-03 22:33:15,@6qqfz,854,@8vwn1
2018-07-03 22:33:15,@bp0nk,855,@u2m9a
2018-07-03 22:33:15,@bp0nk,855,@99sm4
2018-07-03 22:33:15,@bp0nk,856,@u2m9a
2018-07-03 22:33:15,@bp0nk,856,@99sm4
2018-07-03 22:33:15,@0yyjn,857,@9vkyy
2018-07-03 22:33:15,@0yyjn,857,@99sm4
2018-07-03 22:33:15,@0yyjn,857,@9bvyy
2018-07-04 22:33:15,@9bvyy,859,@8vwn1
2018-07-04 22:33:15,@9bvyy,859,@6qqfz
2018-07-04 22:33:15,@9bvyy,859,@rsniw
2018-07-04 22:33:15,@lcn7z,860,@2s7bb
2018-07-04 22:33:15,@lcn7z,860,@bp0nk
2018-07-04 22:33:15,@9bvyy,861,@8vwn1
2018-07-04 22:33:15,@9bvyy,861,@6qqfz
2018-07-04 22:33:15,@9bvyy,861,@26p4i
2018-07-04 22:33:15,@9bvyy,861,@58x4r
2018-07-04 22:33:15,@9bvyy,861,@61bfq
2018-07-04 22:33:15,@9bvyy,861,@lcn7z
2018-07-04 22:33:15,@8vwn1,862,@0yyjn
2018-07-04 22:33:15,@8vwn1,862,@99sm4
2018-07-04 22:33:15,@cfw1r,863,@0yyjn
2018-07-04 22:33:15,@cfw1r,863,@bp0nk
2018-07-04 22:33:15,@cfw1r,863,@61bfq
2018-07-04 22:33:15,@cfw1r,863,@9vkyy
2018-07-04 22:33:15,@hrh6u,864,@u2m9a
2018-07-04 22:33:15,@hrh6u,864,@58x4r
2018-07-04 22:33:15,@lcn7z,865,@bp0nk
2018-07-04 22:33:15,@8vwn1,866,@9vkyy
2018-07-04 22:33:15,@8vwn1,866,@fpg7q
2018-07-04 22:33:15,@9vkyy,867,@2s7bb
2018-07-04 22:33:15,@9vkyy,867,@cfw1r
2018-07-04 22:33:15,@9vkyy,867,@8vwn1
2018-07-04 22:33:15,@9vkyy,867,@99sm4
2018-07-04 22:33:15,@eg64d,870,@2s7bb
2018-07-04 22:33:15,@eg64d,870,@9bvyy
2018-07-04 22:33:15,@eg64d,870,@58x4r
2018-07-04 22:33:15,@0yyjn,871,@99sm4
2018-07-04 22:33:15,@0yyjn,871,@9bvyy
2018-07-04 22:33:15,@99sm4,872,@hrh6u
2018-07-04 22:33:15,@rsniw,874,@lcn7z
2018-07-04 22:33:15,@rsniw,874,@2s7bb
2018-07-04 22:33:15,@lcn7z,875,@9vkyy
2018-07-04 22:33:15,@fpg7q,876,@bp0nk
2018-07-04 22:33:15,@eg64d,877,@9bvyy
2018-07-04 22:33:15,@eg64d,877,@58x4r
2018-07-04 22:33:15,@eg64d,877,@2s7bb
2018-07-04 22:33:15,@9bvyy,878,@6qqfz
2018-07-04 22:33:15,@9bvyy,878,@8vwn1
2018-07-04 22:33:15,@9bvyy,878,@rsniw
2018-07-04 22:33:15,@9bvyy,878,@58x4r
2018-07-04 22:33:15,@9bvyy,878,@61bfq
2018-07-04 22:33:15,@9bvyy,878,@lcn7z
2018-07-04 22:33:15,@fpg7q,879,@bp0nk
2018-07-04 22:33:15,@0yyjn,880,@9vkyy
2018-07-04 22:33:15,@0yyjn,880,@9bvyy
2018-07-04 22:33:15,@hrh6u,881,@u2m9a
2018-07-04 22:33:15,@hrh6u,881,@99sm4
2018-07-04 22:33:15,@hrh6u,881,@58x4r
2018-07-04 22:33:15,@hrh6u,881,@eg64d
2018-07-04 22:33:15,@26p4i,882,@0yyjn
2018-07-04 22:33:15,@26p4i,882,@58x4r
2018-07-04 22:33:15,@26p4i,882,@u2m9a
2018-07-04 22:33:15,@9bvyy,883,@rsniw
2018-07-04 22:33:15,@9bvyy,883,@58x4r
2018-07-04 22:33:15,@9bvyy,883,@61bfq
2018-07-04 22:33:15,@9bvyy,883,@lcn7z
2018-07-04 22:33:15,@6qqfz,884,@9bvyy
2018-07-04 22:33:15,@6qqfz,884,@lcn7z
2018-07-04 22:33:15,@6qqfz,884,@8vwn1
2018-07-04 22:33:15,@6qqfz,884,@26p4i
2018-07-04 22:33:15,@6qqfz,884,@99sm4
2018-07-04 22:33:15,@6qqfz,884,@7113b
2018-07-04 22:33:15,@u2m9a,885,@fpg7q
2018-07-04 22:33:15,@u2m9a,885,@cfw1r
2018-07-04 22:33:15,@u2m9a,885,@5syh9
2018-07-04 22:33:15,@u2m9a,886,@6qqfz
2018-07-04 22:33:15,@u2m9a,886,@5syh9
2018-07-04 22:33:15,@61bfq,887,@5syh9
2018-07-05 22:33:15,@bp0nk,890,@u2m9a
2018-07-05 22:33:15,@bp0nk,890,@99sm4
2018-07-05 22:33:15,@u2m9a,891,@cfw1r
2018-07-05 22:33:15,@rsniw,893,@eg64d
2018-07-05 22:33:15,@rsniw,893,@lcn7z
2018-07-05 22:33:15,@rsniw,893,@2s7bb
2018-07-05 22:33:15,@lcn7z,894,@6qqfz
2018-07-05 22:33:15,@lcn7z,894,@2s7bb
2018-07-05 22:33:15,@lcn7z,894,@9vkyy
2018-07-05 22:33:15,@bp0nk,895,@u2m9a
2018-07-05 22:33:15,@9bvyy,896,@rsniw
2018-07-05 22:33:15,@9bvyy,896,@lcn7z
2018-07-05 22:33:15,@9bvyy,896,@61bfq
2018-07-05 22:33:15,@9bvyy,896,@26p4i
2018-07-05 22:33:15,@8vwn1,897,@9vkyy
2018-07-05 22:33:15,@8vwn1,897,@0yyjn
2018-07-05 22:33:15,@8vwn1,897,@99sm4
2018-07-05 22:33:15,@58x4r,900,@eg64d
2018-07-05 22:33:15,@58x4r,900,@hrh6u
2018-07-05 22:33:15,@u2m9a,901,@fpg7q
2018-07-05 22:33:15,@u2m9a,901,@5syh9
2018-07-05 22:33:15,@u2m9a,901,@cfw1r
2018-07-05 22:33:15,@u2m9a,901,@6qqfz
2018-07-05 22:33:15,@9bvyy,902,@26p4i
2018-07-05 22:33:15,@9bvyy,902,@61bfq
2018-07-05 22:33:15,@9bvyy,902,@8vwn1
2018-07-05 22:33:15,@9bvyy,902,@58x4r
2018-07-05 22:33:15,@9bvyy,902,@rsniw
2018-07-05 22:33:15,@9bvyy,902,@lcn7z
2018-07-05 22:33:15,@9bvyy,902,@6qqfz
2018-07-05 22:33:15,@hrh6u,904,@u2m9a
2018-07-05 22:33:15,@hrh6u,904,@eg64d
2018-07-05 22:33:15,@hrh6u,904,@99sm4
2018-07-05 22:33:15,@hrh6u,904,@58x4r
2018-07-05 22:33:15,@fpg7q,905,@u2m9a
2018-07-05 22:33:15,@fpg7q,905,@hrh6u
2018-07-05 22:33:15,@bp0nk,906,@99sm4
2018-07-05 22:33:15,@bp0nk,906,@u2m9a
2018-07-05 22:33:15,@58x4r,907,@hrh6u
2018-07-05 22:33:15,@58x4r,907,@5syh9
2018-07-05 22:33:15,@cfw1r,908,@0yyjn
2018-07-05 22:33:15,@hrh6u,909,@58x4r
2018-07-05 22:33:15,@6qqfz,912,@lcn7z
2018-07-05 22:33:15,@6qqfz,912,@5syh9
2018-07-05 22:33:15,@6qqfz,912,@99sm4
2018-07-05 22:33:15,@6qqfz,912,@26p4i
2018-07-05 22:33:15,@8vwn1,913,@99sm4
2018-07-05 22:33:15,@8vwn1,913,@fpg7q
2018-07-05 22:33:15,@8vwn1,913,@9vkyy
2018-07-05 22:33:15,@99sm4,916,@5syh9
2018-07-05 22:33:15,@99sm4,916,@58x4r
2018-07-05 22:33:15,@99sm4,916,@hrh6u
2018-07-06 22:33:15,@6qqfz,918,@9bvyy
2018-07-06 22:33:15,@6qqfz,918,@26p4i
2018-07-06 22:33:15,@6qqfz,918,@7113b
2018-07-06 22:33:15,@6qqfz,918,@8vwn1
2018-07-06 22:33:15,@6qqfz,918,@99sm4
2018-07-06 22:33:15,@6qqfz,918,@5syh9
2018-07-06 22:33:15,@9vkyy,919,@cfw1r
2018-07-06 22:33:15,@8vwn1,921,@99sm4
2018-07-06 22:33:15,@8vwn1,921,@fpg7q
2018-07-06 22:33:15,@8vwn1,921,@9vkyy
2018-07-06 22:33:15,@26p4i,922,@u2m9a
2018-07-06 22:33:15,@lcn7z,923,@2s7bb
2018-07-06 22:33:15,@26p4i,924,@0yyjn
2018-07-06 22:33:15,@5syh9,926,@hrh6u
2018-07-06 22:33:15,@5syh9,926,@6qqfz
2018-07-06 22:33:15,@5syh9,926,@99sm4
2018-07-06 22:33:15,@5syh9,926,@7113b
2018-07-06 22:33:15,@rsniw,927,@lcn7z
2018-07-06 22:33:15,@fpg7q,928,@bp0nk
2018-07-06 22:33:15,@fpg7q,928,@u2m9a
2018-07-06 22:33:15,@fpg7q,928,@hrh6u
2018-07-06 22:33:15,@eg64d,930,@2s7bb
2018-07-06 22:33:15,@eg64d,930,@9bvyy
2018-07-06 22:33:15,@eg64d,930,@58x4r
2018-07-06 22:33:15,@6qqfz,931,@lcn7z
2018-07-06 22:33:15,@6qqfz,931,@5syh9
2018-07-06 22:33:15,@6qqfz,931,@8vwn1
2018-07-06 22:33:15,@6qqfz,931,@9bvyy
2018-07-06 22:33:15,@6qqfz,931,@99sm4
2018-07-06 22:33:15,@6qqfz,931,@26p4i
2018-07-06 22:33:15,@2s7bb,932,@9vkyy
2018-07-06 22:33:15,@lcn7z,934,@2s7bb
2018-07-06 22:33:15,@lcn7z,934,@6qqfz
2018-07-06 22:33:15,@lcn7z,934,@9vkyy
2018-07-06 22:33:15,@lcn7z,934,@bp0nk
2018-07-06 22:33:15,@bp0nk,935,@u2m9a
2018-07-06 22:33:15,@bp0nk,935,@99sm4
2018-07-06 22:33:15,@2s7bb,936,@cfw1r
2018-07-06 22:33:15,@2s7bb,936,@9vkyy
2018-07-06 22:33:15,@2s7bb,936,@0yyjn
2018-07-06 22:33:15,@9vkyy,937,@rsniw
2018-07-06 22:33:15,@9vkyy,937,@8vwn1
2018-07-06 22:33:15,@9vkyy,937,@cfw1r
2018-07-06 22:33:15,@hrh6u,939,@99sm4
2018-07-06 22:33:15,@hrh6u,939,@u2m9a
2018-07-06 22:33:15,@hrh6u,939,@58x4r
2018-07-06 22:33:15,@hrh6u,939,@eg64d
2018-07-06 22:33:15,@9bvyy,940,@58x4r
2018-07-06 22:33:15,@9bvyy,940,@8vwn1
2018-07-06 22:33:15,@fpg7q,941,@bp0nk
2018-07-06 22:33:15,@fpg7q,941,@hrh6u
2018-07-06 22:33:15,@fpg7q,941,@u2m9a
2018-07-06 22:33:15,@26p4i,942,@0yyjn
2018-07-06 22:33:15,@26p4i,942,@u2m9a
2018-07-06 22:33:15,@26p4i,942,@58x4r
2018-07-06 22:33:15,@u2m9a,943,@6qqfz
2018-07-06 22:33:15,@u2m9a,943,@cfw1r
2018-07-06 22:33:15,@u2m9a,943,@fpg7q
2018-07-06 22:33:15,@7113b,944,@u2m9a
2018-07-06 22:33:15,@7113b,944,@5syh9
2018-07-06 22:33:15,@5syh9,945,@99sm4
2018-07-06 22:33:15,@5syh9,945,@6qqfz
2018-07-06 22:33:15,@5syh9,945,@hrh6u
2018-07-06 22:33:15,@5syh9,945,@7113b
2018-07-06 22:33:15,@26p4i,946,@58x4r
2018-07-06 22:33:15,@26p4i,946,@0yyjn
2018-07-06 22:33:15,@26p4i,946,@u2m9a
2018-07-07 22:33:15,@fpg7q,948,@bp0nk
2018-07-07 22:33:15,@fpg7q,948,@hrh6u
2018-07-07 22:33:15,@8vwn1,949,@0yyjn
2018-07-07 22:33:15,@8vwn1,949,@99sm4
2018-07-07 22:33:15,@8vwn1,949,@9vkyy
2018-07-07 22:33:15,@0yyjn,950,@99sm4
2018-07-07 22:33:15,@0yyjn,950,@9bvyy
2018-07-07 22:33:15,@0yyjn,950,@9vkyy
2018-07-07 22:33:15,@9vkyy,951,@rsniw
2018-07-07 22:33:15,@9vkyy,951,@cfw1r
2018-07-07 22:33:15,@9vkyy,951,@hrh6u
2018-07-07 22:33:15,@8vwn1,952,@99sm4
2018-07-07 22:33:15,@8vwn1,952,@9vkyy
2018-07-07 22:33:15,@8vwn1,952,@fpg7q
2018-07-07 22:33:15,@8vwn1,952,@0yyjn
2018-07-07 22:33:15,@lcn7z,953,@bp0nk
2018-07-07 22:33:15,@99sm4,954,@58x4r
2018-07-07 22:33:15,@99sm4,954,@hrh6u
2018-07-07 22:33:15,@cfw1r,955,@61bfq
2018-07-07 22:33:15,@cfw1r,955,@bp0nk
2018-07-07 22:33:15,@7113b,956,@u2m9a
2018-07-07 22:33:15,@bp0nk,957,@99sm4
2018-07-07 22:33:15,@bp0nk,957,@u2m9a
2018-07-07 22:33:15,@99sm4,958,@5syh9
2018-07-07 22:33:15,@99sm4,958,@58x4r
2018-07-07 22:33:15,@rsniw,959,@2s7bb
2018-07-07 22:33:15,@rsniw,959,@eg64d
2018-07-07 22:33:15,@rsniw,959,@lcn7z
2018-07-07 22:33:15,@cfw1r,960,@0yyjn
2018-07-07 22:33:15,@cfw1r,960,@u2m9a
2018-07-07 22:33:15,@cfw1r,960,@9vkyy
2018-07-07 22:33:15,@cfw1r,960,@bp0nk
2018-07-07 22:33:15,@cfw1r,960,@99sm4
2018-07-07 22:33:15,@cfw1r,960,@61bfq
2018-07-07 22:33:15,@7113b,961,@5syh9
2018-07-07 22:33:15,@0yyjn,962,@99sm4
2018-07-07 22:33:15,@6qqfz,965,@99sm4
2018-07-07 22:33:15,@6qqfz,965,@lcn7z
2018-07-07 22:33:15,@6qqfz,965,@9bvyy
2018-07-07 22:33:15,@6qqfz,965,@8vwn1
2018-07-07 22:33:15,@hrh6u,966,@58x4r
2018-07-07 22:33:15,@58x4r,967,@hrh6u
2018-07-07 22:33:15,@58x4r,967,@eg64d
2018-07-07 22:33:15,@58x4r,967,@5syh9
2018-07-07 22:33:15,@58x4r,967,@rsniw
2018-07-07 22:33:15,@u2m9a,968,@fpg7q
2018-07-07 22:33:15,@hrh6u,969,@u2m9a
2018-07-07 22:33:15,@hrh6u,969,@99sm4
2018-07-07 22:33:15,@hrh6u,969,@58x4r
2018-07-07 22:33:15,@hrh6u,969,@eg64d
2018-07-07 22:33:15,@u2m9a,970,@cfw1r
2018-07-07 22:33:15,@u2m9a,970,@fpg7q
2018-07-07 22:33:15,@u2m9a,970,@5syh9
2018-07-07 22:33:15,@u2m9a,970,@6qqfz
2018-07-07 22:33:15,@bp0nk,971,@99sm4
2018-07-07 22:33:15,@bp0nk,971,@u2m9a
2018-07-07 22:33:15,@0yyjn,972,@9vkyy
2018-07-07 22:33:15,@u2m9a,973,@cfw1r
2018-07-07 22:33:15,@26p4i,976,@0yyjn
2018-07-07 22:33:15,@9bvyy,977,@61bfq
2018-07-07 22:33:15,@9bvyy,977,@58x4r
2018-07-07 22:33:15,@9bvyy,977,@26p4i
2018-07-08 22:33:15,@58x4r,978,@eg64d
2018-07-08 22:33:15,@58x4r,978,@hrh6u
2018-07-08 22:33:15,@58x4r,978,@5syh9
2018-07-08 22:33:15,@rsniw,980,@2s7bb
2018-07-08 22:33:15,@rsniw,980,@eg64d
2018-07-08 22:33:15,@26p4i,981,@u2m9a
2018-07-08 22:33:15,@26p4i,981,@58x4r
2018-07-08 22:33:15,@26p4i,981,@0yyjn
2018-07-08 22:33:15,@0yyjn,982,@9bvyy
2018-07-08 22:33:15,@0yyjn,982,@99sm4
2018-07-08 22:33:15,@0yyjn,982,@9vkyy
2018-07-08 22:33:15,@5syh9,984,@hrh6u
2018-07-08 22:33:15,@5syh9,984,@99sm4
2018-07-08 22:33:15,@5syh9,984,@6qqfz
2018-07-08 22:33:15,@5syh9,984,@7113b
2018-07-08 22:33:15,@eg64d,985,@58x4r
2018-07-08 22:33:15,@eg64d,985,@9bvyy
2018-07-08 22:33:15,@eg64d,985,@2s7bb
2018-07-08 22:33:15,@6qqfz,986,@9bvyy
2018-07-08 22:33:15,@6qqfz,986,@7113b
2018-07-08 22:33:15,@6qqfz,986,@99sm4
2018-07-08 22:33:15,@6qqfz,986,@26p4i
2018-07-08 22:33:15,@6qqfz,986,@lcn7z
2018-07-08 22:33:15,@cfw1r,987,@bp0nk
2018-07-08 22:33:15,@cfw1r,987,@9vkyy
2018-07-08 22:33:15,@cfw1r,987,@99sm4
2018-07-08 22:33:15,@cfw1r,987,@0yyjn
2018-07-08 22:33:15,@cfw1r,987,@u2m9a
2018-07-08 22:33:15,@8vwn1,988,@fpg7q
2018-07-08 22:33:15,@8vwn1,988,@0yyjn
2018-07-08 22:33:15,@9bvyy,989,@8vwn1
2018-07-08 22:33:15,@9bvyy,989,@26p4i
2018-07-08 22:33:15,@9bvyy,989,@61bfq
2018-07-08 22:33:15,@9bvyy,989,@lcn7z
2018-07-08 22:33:15,@9bvyy,989,@58x4r
2018-07-08 22:33:15,@9bvyy,989,@6qqfz
2018-07-08 22:33:15,@9bvyy,989,@rsniw
2018-07-08 22:33:15,@99sm4,990,@5syh9
2018-07-08 22:33:15,@99sm4,990,@58x4r
2018-07-08 22:33:15,@99sm4,990,@hrh6u
2018-07-08 22:33:15,@0yyjn,991,@9vkyy
2018-07-08 22:33:15,@0yyjn,991,@99sm4
2018-07-08 22:33:15,@99sm4,992,@hrh6u
2018-07-08 22:33:15,@61bfq,993,@hrh6u
2018-07-08 22:33:15,@26p4i,994,@u2m9a
2018-07-08 22:33:15,@26p4i,994,@58x4r
2018-07-08 22:33:15,@2s7bb,995,@cfw1r
2018-07-08 22:33:15,@2s7bb,995,@u2m9a
2018-07-08 22:33:15,@eg64d,996,@2s7bb
2018-07-08 22:33:15,@eg64d,996,@58x4r
2018-07-08 22:33:15,@lcn7z,999,@9vkyy
2018-07-08 22:33:15,@lcn7z,999,@bp0nk
2018-07-08 22:33:15,@u2m9a,1000,@cfw1r
2018-07-08 22:33:15,@u2m9a,1000,@6qqfz
2018-07-08 22:33:15,@u2m9a,1000,@5syh9
2018-07-08 22:33:15,@u2m9a,1000,@fpg7q
2018-07-08 22:33:15,@58x4r,1001,@eg64d
2018-07-08 22:33:15,@9vkyy,1005,@2s7bb
2018-07-08 22:33:15,@9vkyy,1005,@99sm4
2018-07-08 22:33:15,@9vkyy,1005,@rsniw
2018-07-08 22:33:15,@9vkyy,1005,@8vwn1
2018-07-09 22:33:15,@61bfq,1008,@hrh6u
2018-07-09 22:33:15,@61bfq,1008,@5syh9
2018-07-09 22:33:15,@61bfq,1008,@fpg7q
2018-07-09 22:33:15,@eg64d,1009,@9bvyy
2018-07-09 22:33:15,@eg64d,1009,@2s7bb
2018-07-09 22:33:15,@99sm4,1011,@58x4r
2018-07-09 22:33:15,@bp0nk,1012,@u2m9a
2018-07-09 22:33:15,@lcn7z,1013,@9vkyy
2018-07-09 22:33:15,@lcn7z,1013,@6qqfz
2018-07-09 22:33:15,@lcn7z,1013,@2s7bb
2018-07-09 22:33:15,@lcn7z,1013,@bp0nk
2018-07-09 22:33:15,@9bvyy,1015,@8vwn1
2018-07-09 22:33:15,@9bvyy,1015,@61bfq
2018-07-09 22:33:15,@9bvyy,1015,@58x4r
2018-07-09 22:33:15,@9bvyy,1015,@26p4i
2018-07-09 22:33:15,@9bvyy,1015,@lcn7z
2018-07-09 22:33:15,@9bvyy,1015,@6qqfz
2018-07-09 22:33:15,@9bvyy,1015,@rsniw
2018-07-09 22:33:15,@rsniw,1016,@eg64d
2018-07-09 22:33:15,@rsniw,1016,@lcn7z
2018-07-09 22:33:15,@2s7bb,1017,@0yyjn
2018-07-09 22:33:15,@lcn7z,1019,@2s7bb
2018-07-09 22:33:15,@99sm4,1020,@58x4r
2018-07-09 22:33:15,@99sm4,1020,@hrh6u
2018-07-09 22:33:15,@u2m9a,1021,@5syh9
2018-07-09 22:33:15,@fpg7q,1022,@bp0nk
2018-07-09 22:33:15,@fpg7q,1022,@hrh6u
2018-07-09 22:33:15,@fpg7q,1022,@u2m9a
2018-07-09 22:33:15,@9vkyy,1024,@2s7bb
2018-07-09 22:33:15,@9vkyy,1024,@cfw1r
2018-07-09 22:33:15,@9vkyy,1024,@8vwn1
2018-07-09 22:33:15,@9vkyy,1024,@rsniw
2018-07-09 22:33:15,@9vkyy,1024,@hrh6u
2018-07-09 22:33:15,@9vkyy,1024,@99sm4
2018-07-09 22:33:15,@rsniw,1026,@eg64d
2018-07-09 22:33:15,@rsniw,1027,@lcn7z
2018-07-09 22:33:15,@rsniw,1027,@2s7bb
2018-07-09 22:33:15,@lcn7z,1028,@9vkyy
2018-07-09 22:33:15,@lcn7z,1028,@2s7bb
2018-07-09 22:33:15,@lcn7z,1028,@bp0nk
2018-07-09 22:33:15,@9vkyy,1030,@rsniw
2018-07-09 22:33:15,@9vkyy,1030,@99sm4
2018-07-09 22:33:15,@6qqfz,1031,@99sm4
2018-07-09 22:33:15,@6qqfz,1031,@lcn7z
2018-07-09 22:33:15,@6qqfz,1031,@7113b
2018-07-09 22:33:15,@6qqfz,1031,@5syh9
2018-07-09 22:33:15,@u2m9a,1034,@fpg7q
2018-07-09 22:33:15,@u2m9a,1034,@cfw1r
2018-07-09 22:33:15,@u2m9a,1034,@5syh9
2018-07-09 22:33:15,@9vkyy,1035,@99sm4
2018-07-09 22:33:15,@9vkyy,1035,@cfw1r
2018-07-09 22:33:15,@9vkyy,1035,@2s7bb
2018-07-09 22:33:15,@bp0nk,1036,@99sm4
2018-07-09 22:33:15,@bp0nk,1037,@u2m9a
2018-07-10 22:33:15,@58x4r,1038,@rsniw
2018-07-10 22:33:15,@58x4r,1038,@hrh6u
2018-07-10 22:33:15,@58x4r,1038,@5syh9
2018-07-10 22:33:15,@58x4r,1038,@eg64d
2018-07-10 22:33:15,@fpg7q,1040,@bp0nk
2018-07-10 22:33:15,@fpg7q,1040,@hrh6u
2018-07-10 22:33:15,@fpg7q,1040,@u2m9a
2018-07-10 22:33:15,@99sm4,1041,@5syh9
2018-07-10 22:33:15,@99sm4,1041,@58x4r
2018-07-10 22:33:15,@99sm4,1041,@hrh6u
2018-07-10 22:33:15,@5syh9,1042,@hrh6u
2018-07-10 22:33:15,@5syh9,1042,@99sm4
2018-07-10 22:33:15,@bp0nk,1043,@99sm4
2018-07-10 22:33:15,@bp0nk,1043,@u2m9a
2018-07-10 22:33:15,@hrh6u,1044,@eg64d
2018-07-10 22:33:15,@hrh6u,1044,@58x4r
2018-07-10 22:33:15,@hrh6u,1044,@99sm4
2018-07-10 22:33:15,@9bvyy,1045,@61bfq
2018-07-10 22:33:15,@9bvyy,1045,@8vwn1
2018-07-10 22:33:15,@9bvyy,1045,@6qqfz
2018-07-10 22:33:15,@bp0nk,1046,@99sm4
2018-07-10 22:33:15,@bp0nk,1046,@u2m9a
2018-07-10 22:33:15,@26p4i,1047,@58x4r
2018-07-10 22:33:15,@26p4i,1047,@0yyjn
2018-07-10 22:33:15,@9bvyy,1048,@rsniw
2018-07-10 22:33:15,@9bvyy,1048,@61bfq
2018-07-10 22:33:15,@9bvyy,1048,@26p4i
2018-07-10 22:33:15,@9bvyy,1048,@58x4r
2018-07-10 22:33:15,@2s7bb,1049,@cfw1r
2018-07-10 22:33:15,@2s7bb,1049,@u2m9a
2018-07-10 22:33:15,@2s7bb,1049,@0yyjn
2018-07-10 22:33:15,@0yyjn,1050,@9vkyy
2018-07-10 22:33:15,@0yyjn,1050,@99sm4
2018-07-10 22:33:15,@0yyjn,1050,@9bvyy
2018-07-10 22:33:15,@26p4i,1051,@0yyjn
2018-07-10 22:33:15,@26p4i,1051,@58x4r
2018-07-10 22:33:15,@26p4i,1051,@u2m9a
2018-07-10 22:33:15,@fpg7q,1052,@bp0nk
2018-07-10 22:33:15,@fpg7q,1052,@u2m9a
2018-07-10 22:33:15,@7113b,1053,@u2m9a
2018-07-10 22:33:15,@bp0nk,1054,@u2m9a
2018-07-10 22:33:15,@bp0nk,1054,@99sm4
2018-07-10 22:33:15,@6qqfz,1055,@5syh9
2018-07-10 22:33:15,@6qqfz,1055,@8vwn1
2018-07-10 22:33:15,@6qqfz,1055,@99sm4
2018-07-10 22:33:15,@rsniw,1057,@lcn7z
2018-07-10 22:33:15,@rsniw,1057,@eg64d
2018-07-10 22:33:15,@rsniw,1057,@2s7bb
2018-07-10 22:33:15,@5syh9,1058,@7113b
2018-07-10 22:33:15,@5syh9,1058,@hrh6u
2018-07-10 22:33:15,@bp0nk,1059,@99sm4
2018-07-10 22:33:15,@bp0nk,1059,@u2m9a
2018-07-10 22:33:15,@58x4r,1060,@eg64d
2018-07-10 22:33:15,@58x4r,1060,@hrh6u
2018-07-10 22:33:15,@58x4r,1060,@rsniw
2018-07-10 22:33:15,@58x4r,1060,@5syh9
2018-07-10 22:33:15,@9vkyy,1061,@8vwn1
2018-07-10 22:33:15,@9vkyy,1061,@cfw1r
2018-07-10 22:33:15,@9vkyy,1061,@2s7bb
2018-07-10 22:33:15,@9vkyy,1061,@rsniw
2018-07-10 22:33:15,@9vkyy,1061,@hrh6u
2018-07-10 22:33:15,@9vkyy,1061,@99sm4
2018-07-10 22:33:15,@26p4i,1062,@0yyjn
2018-07-10 22:33:15,@lcn7z,1063,@6qqfz
2018-07-10 22:33:15,@lcn7z,1063,@2s7bb
2018-07-10 22:33:15,@cfw1r,1064,@61bfq
2018-07-10 22:33:15,@cfw1r,1064,@u2m9a
2018-07-10 22:33:15,@cfw1r,1064,@99sm4
2018-07-10 22:33:15,@cfw1r,1064,@9vkyy
2018-07-10 22:33:15,@u2m9a,1065,@5syh9
2018-07-10 22:33:15,@u2m9a,1065,@fpg7q
2018-07-10 22:33:15,@u2m9a,1065,@cfw1r
2018-07-10 22:33:15,@u2m9a,1065,@6qqfz
2018-07-10 22:33:15,@0yyjn,1066,@99sm4
2018-07-10 22:33:15,@2s7bb,1067,@cfw1r
2018-07-10 22:33:15,@2s7bb,1067,@0yyjn
2018-07-10 22:33:15,@2s7bb,1067,@u2m9a
2018-07-10 22:33:15,@2s7bb,1067,@9vkyy
2018-07-11 22:33:15,@cfw1r,1069,@9vkyy
2018-07-11 22:33:15,@cfw1r,1069,@0yyjn
2018-07-11 22:33:15,@cfw1r,1069,@bp0nk
2018-07-11 22:33:15,@cfw1r,1069,@61bfq
2018-07-11 22:33:15,@cfw1r,1069,@99sm4
2018-07-11 22:33:15,@cfw1r,1069,@u2m9a
2018-07-11 22:33:15,@hrh6u,1070,@58x4r
2018-07-11 22:33:15,@hrh6u,1070,@99sm4
2018-07-11 22:33:15,@hrh6u,1070,@eg64d
2018-07-11 22:33:15,@hrh6u,1071,@eg64d
2018-07-11 22:33:15,@bp0nk,1075,@99sm4
2018-07-11 22:33:15,@bp0nk,1075,@u2m9a
2018-07-11 22:33:15,@eg64d,1076,@2s7bb
2018-07-11 22:33:15,@bp0nk,1077,@u2m9a
2018-07-11 22:33:15,@bp0nk,1077,@99sm4
2018-07-11 22:33:15,@26p4i,1078,@u2m9a
2018-07-11 22:33:15,@99sm4,1079,@hrh6u
2018-07-11 22:33:15,@hrh6u,1080,@eg64d
2018-07-11 22:33:15,@lcn7z,1081,@2s7bb
2018-07-11 22:33:15,@lcn7z,1081,@bp0nk
2018-07-11 22:33:15,@lcn7z,1081,@9vkyy
2018-07-11 22:33:15,@lcn7z,1081,@6qqfz
2018-07-11 22:33:15,@9bvyy,1082,@61bfq
2018-07-11 22:33:15,@9bvyy,1082,@26p4i
2018-07-11 22:33:15,@9bvyy,1082,@rsniw
2018-07-11 22:33:15,@9bvyy,1082,@8vwn1
2018-07-11 22:33:15,@u2m9a,1083,@cfw1r
2018-07-11 22:33:15,@u2m9a,1083,@5syh9
2018-07-11 22:33:15,@9bvyy,1084,@58x4r
2018-07-11 22:33:15,@9bvyy,1084,@26p4i
2018-07-11 22:33:15,@9bvyy,1084,@61bfq
2018-07-11 22:33:15,@9bvyy,1084,@lcn7z
2018-07-11 22:33:15,@9bvyy,1084,@6qqfz
2018-07-11 22:33:15,@9bvyy,1084,@rsniw
2018-07-11 22:33:15,@9bvyy,1084,@8vwn1
2018-07-11 22:33:15,@5syh9,1085,@7113b
2018-07-11 22:33:15,@lcn7z,1086,@2s7bb
2018-07-11 22:33:15,@26p4i,1087,@0yyjn
2018-07-11 22:33:15,@26p4i,1087,@58x4r
2018-07-11 22:33:15,@26p4i,1087,@u2m9a
2018-07-11 22:33:15,@7113b,1088,@u2m9a
2018-07-11 22:33:15,@5syh9,1090,@99sm4
2018-07-11 22:33:15,@hrh6u,1092,@99sm4
2018-07-11 22:33:15,@hrh6u,1092,@58x4r
2018-07-11 22:33:15,@hrh6u,1092,@u2m9a
2018-07-11 22:33:15,@hrh6u,1092,@eg64d
2018-07-11 22:33:15,@99sm4,1094,@hrh6u
2018-07-11 22:33:15,@99sm4,1094,@58x4r
2018-07-11 22:33:15,@99sm4,1094,@5syh9
2018-07-11 22:33:15,@26p4i,1096,@0yyjn
2018-07-11 22:33:15,@9bvyy,1097,@58x4r
2018-07-11 22:33:15,@9bvyy,1097,@61bfq
2018-07-11 22:33:15,@9bvyy,1097,@lcn7z
2018-07-11 22:33:15,@9bvyy,1097,@26p4i
2018-07-11 22:33:15,@9bvyy,1097,@rsniw
2018-07-11 22:33:15,@9bvyy,1097,@6qqfz
2018-07-11 22:33:15,@9bvyy,1097,@8vwn1
2018-07-12 22:33:15,@u2m9a,1098,@6qqfz
2018-07-12 22:33:15,@8vwn1,1100,@fpg7q
2018-07-12 22:33:15,@8vwn1,1100,@99sm4
2018-07-12 22:33:15,@8vwn1,1100,@0yyjn
2018-07-12 22:33:15,@26p4i,1101,@u2m9a
2018-07-12 22:33:15,@26p4i,1101,@58x4r
2018-07-12 22:33:15,@26p4i,1101,@0yyjn
2018-07-12 22:33:15,@6qqfz,1102,@26p4i
2018-07-12 22:33:15,@6qqfz,1102,@99sm4
2018-07-12 22:33:15,@6qqfz,1102,@lcn7z
2018-07-12 22:33:15,@6qqfz,1102,@5syh9
2018-07-12 22:33:15,@6qqfz,1102,@7113b
2018-07-12 22:33:15,@6qqfz,1102,@9bvyy
2018-07-12 22:33:15,@6qqfz,1102,@8vwn1
2018-07-12 22:33:15,@7113b,1103,@58x4r
2018-07-12 22:33:15,@bp0nk,1104,@u2m9a
2018-07-12 22:33:15,@bp0nk,1104,@99sm4
2018-07-12 22:33:15,@rsniw,1105,@eg64d
2018-07-12 22:33:15,@rsniw,1105,@lcn7z
2018-07-12 22:33:15,@rsniw,1105,@2s7bb
2018-07-12 22:33:15,@99sm4,1106,@hrh6u
2018-07-12 22:33:15,@99sm4,1106,@5syh9
2018-07-12 22:33:15,@61bfq,1107,@hrh6u
2018-07-12 22:33:15,@61bfq,1108,@fpg7q
2018-07-12 22:33:15,@hrh6u,1109,@58x4r
2018-07-12 22:33:15,@hrh6u,1109,@99sm4
2018-07-12 22:33:15,@hrh6u,1109,@eg64d
2018-07-12 22:33:15,@rsniw,1111,@eg64d
2018-07-12 22:33:15,@99sm4,1112,@hrh6u
2018-07-12 22:33:15,@99sm4,1113,@hrh6u
2018-07-12 22:33:15,@99sm4,1113,@5syh9
2018-07-12 22:33:15,@9bvyy,1115,@8vwn1
2018-07-12 22:33:15,@9bvyy,1115,@61bfq
2018-07-12 22:33:15,@99sm4,1117,@5syh9
2018-07-12 22:33:15,@99sm4,1117,@hrh6u
2018-07-12 22:33:15,@lcn7z,1119,@6qqfz
2018-07-12 22:33:15,@5syh9,1120,@hrh6u
2018-07-12 22:33:15,@5syh9,1120,@7113b
2018-07-12 22:33:15,@5syh9,1120,@99sm4
2018-07-12 22:33:15,@5syh9,1120,@6qqfz
2018-07-12 22:33:15,@9bvyy,1121,@lcn7z
2018-07-12 22:33:15,@9bvyy,1121,@6qqfz
2018-07-12 22:33:15,@9bvyy,1121,@58x4r
2018-07-12 22:33:15,@u2m9a,1123,@fpg7q
2018-07-12 22:33:15,@u2m9a,1123,@cfw1r
2018-07-12 22:33:15,@5syh9,1124,@99sm4
2018-07-12 22:33:15,@58x4r,1125,@eg64d
2018-07-12 22:33:15,@58x4r,1125,@5syh9
2018-07-12 22:33:15,@58x4r,1125,@rsniw
2018-07-12 22:33:15,@58x4r,1125,@hrh6u
2018-07-12 22:33:15,@2s7bb,1127,@u2m9a
2018-07-12 22:33:15,@2s7bb,1127,@0yyjn
2018-07-12 22:33:15,@2s7bb,1127,@9vkyy
2018-07-13 22:33:15,@8vwn1,1128,@9vkyy
2018-07-13 22:33:15,@8vwn1,1128,@0yyjn
2018-07-13 22:33:15,@2s7bb,1132,@cfw1r
2018-07-13 22:33:15,@2s7bb,1132,@0yyjn
2018-07-13 22:33:15,@lcn7z,1133,@9vkyy
2018-07-13 22:33:15,@lcn7z,1133,@6qqfz
2018-07-13 22:33:15,@26p4i,1134,@0yyjn
2018-07-13 22:33:15,@58x4r,1135,@rsniw
2018-07-13 22:33:15,@58x4r,1135,@eg64d
2018-07-13 22:33:15,@58x4r,1135,@5syh9
2018-07-13 22:33:15,@58x4r,1135,@hrh6u
2018-07-13 22:33:15,@9bvyy,1136,@58x4r
2018-07-13 22:33:15,@6qqfz,1137,@9bvyy
2018-07-13 22:33:15,@8vwn1,1138,@fpg7q
2018-07-13 22:33:15,@8vwn1,1138,@0yyjn
2018-07-13 22:33:15,@8vwn1,1138,@9vkyy
2018-07-13 22:33:15,@hrh6u,1139,@eg64d
2018-07-13 22:33:15,@hrh6u,1139,@99sm4
2018-07-13 22:33:15,@hrh6u,1139,@58x4r
2018-07-13 22:33:15,@hrh6u,1139,@u2m9a
2018-07-13 22:33:15,@u2m9a,1140,@cfw1r
2018-07-13 22:33:15,@u2m9a,1140,@5syh9
2018-07-13 22:33:15,@u2m9a,1140,@fpg7q
2018-07-13 22:33:15,@26p4i,1142,@58x4r
2018-07-13 22:33:15,@eg64d,1145,@58x4r
2018-07-13 22:33:15,@61bfq,1146,@5syh9
2018-07-13 22:33:15,@61bfq,1146,@fpg7q
2018-07-13 22:33:15,@58x4r,1147,@rsniw
2018-07-13 22:33:15,@58x4r,1147,@eg64d
2018-07-13 22:33:15,@61bfq,1148,@fpg7q
2018-07-13 22:33:15,@61bfq,1148,@hrh6u
2018-07-13 22:33:15,@6qqfz,1149,@lcn7z
2018-07-13 22:33:15,@6qqfz,1149,@5syh9
2018-07-13 22:33:15,@6qqfz,1149,@26p4i
2018-07-13 22:33:15,@6qqfz,1149,@8vwn1
2018-07-13 22:33:15,@6qqfz,1149,@7113b
2018-07-13 22:33:15,@6qqfz,1149,@9bvyy
2018-07-13 22:33:15,@99sm4,1150,@5syh9
2018-07-13 22:33:15,@cfw1r,1151,@u2m9a
2018-07-13 22:33:15,@cfw1r,1151,@bp0nk
2018-07-13 22:33:15,@cfw1r,1151,@9vkyy
2018-07-13 22:33:15,@cfw1r,1151,@61bfq
2018-07-13 22:33:15,@cfw1r,1151,@0yyjn
2018-07-13 22:33:15,@cfw1r,1151,@99sm4
2018-07-13 22:33:15,@bp0nk,1152,@99sm4
2018-07-13 22:33:15,@7113b,1153,@u2m9a
2018-07-13 22:33:15,@5syh9,1154,@99sm4
2018-07-13 22:33:15,@5syh9,1154,@7113b
2018-07-13 22:33:15,@99sm4,1155,@hrh6u
2018-07-13 22:33:15,@99sm4,1155,@58x4r
2018-07-13 22:33:15,@eg64d,1156,@2s7bb
2018-07-13 22:33:15,@9bvyy,1157,@61bfq
2018-07-13 22:33:15,@9bvyy,1157,@lcn7z
2018-07-13 22:33:15,@9bvyy,1157,@8vwn1
2018-07-14 22:33:15,@u2m9a,1158,@6qqfz
2018-07-14 22:33:15,@u2m9a,1158,@cfw1r
2018-07-14 22:33:15,@u2m9a,1158,@5syh9
2018-07-14 22:33:15,@u2m9a,1158,@fpg7q
2018-07-14 22:33:15,@61bfq,1159,@5syh9
2018-07-14 22:33:15,@61bfq,1159,@fpg7q
2018-07-14 22:33:15,@26p4i,1160,@0yyjn
2018-07-14 22:33:15,@6qqfz,1162,@9bvyy
2018-07-14 22:33:15,@5syh9,1163,@7113b
2018-07-14 22:33:15,@5syh9,1163,@hrh6u
2018-07-14 22:33:15,@5syh9,1163,@6qqfz
2018-07-14 22:33:15,@2s7bb,1164,@u2m9a
2018-07-14 22:33:15,@2s7bb,1164,@0yyjn
2018-07-14 22:33:15,@5syh9,1165,@99sm4
2018-07-14 22:33:15,@5syh9,1165,@7113b
2018-07-14 22:33:15,@9vkyy,1166,@2s7bb
2018-07-14 22:33:15,@9vkyy,1166,@99sm4
2018-07-14 22:33:15,@9vkyy,1166,@rsniw
2018-07-14 22:33:15,@9vkyy,1166,@cfw1r
2018-07-14 22:33:15,@7113b,1167,@u2m9a
2018-07-14 22:33:15,@7113b,1167,@58x4r
2018-07-14 22:33:15,@lcn7z,1168,@9vkyy
2018-07-14 22:33:15,@lcn7z,1168,@6qqfz
2018-07-14 22:33:15,@lcn7z,1168,@2s7bb
2018-07-14 22:33:15,@6qqfz,1170,@7113b
2018-07-14 22:33:15,@6qqfz,1170,@26p4i
2018-07-14 22:33:15,@6qqfz,1170,@5syh9
2018-07-14 22:33:15,@6qqfz,1170,@8vwn1
2018-07-14 22:33:15,@6qqfz,1170,@lcn7z
2018-07-14 22:33:15,@6qqfz,1170,@9bvyy
2018-07-14 22:33:15,@6qqfz,1170,@99sm4
2018-07-14 22:33:15,@99sm4,1171,@58x4r
2018-07-14 22:33:15,@99sm4,1171,@hrh6u
2018-07-14 22:33:15,@99sm4,1171,@5syh9
2018-07-14 22:33:15,@61bfq,1172,@5syh9
2018-07-14 22:33:15,@61bfq,1172,@fpg7q
2018-07-14 22:33:15,@2s7bb,1173,@0yyjn
2018-07-14 22:33:15,@2s7bb,1173,@9vkyy
2018-07-14 22:33:15,@2s7bb,1173,@u2m9a
2018-07-14 22:33:15,@rsniw,1174,@eg64d
2018-07-14 22:33:15,@99sm4,1175,@58x4r
2018-07-14 22:33:15,@99sm4,1175,@5syh9
2018-07-14 22:33:15,@2s7bb,1176,@u2m9a
2018-07-14 22:33:15,@2s7bb,1176,@9vkyy
2018-07-14 22:33:15,@2s7bb,1176,@0yyjn
2018-07-14 22:33:15,@2s7bb,1176,@cfw1r
2018-07-14 22:33:15,@61bfq,1177,@hrh6u
2018-07-14 22:33:15,@58x4r,1178,@eg64d
2018-07-14 22:33:15,@eg64d,1179,@2s7bb
2018-07-14 22:33:15,@eg64d,1179,@58x4r
2018-07-14 22:33:15,@rsniw,1180,@2s7bb
2018-07-14 22:33:15,@rsniw,1180,@eg64d
2018-07-14 22:33:15,@rsniw,1180,@lcn7z
2018-07-14 22:33:15,@cfw1r,1182,@u2m9a
2018-07-14 22:33:15,@cfw1r,1182,@bp0nk
2018-07-14 22:33:15,@cfw1r,1182,@9vkyy
2018-07-14 22:33:15,@cfw1r,1182,@0yyjn
2018-07-14 22:33:15,@cfw1r,1182,@99sm4
2018-07-14 22:33:15,@cfw1r,1182,@61bfq
2018-07-14 22:33:15,@5syh9,1184,@6qqfz
2018-07-14 22:33:15,@5syh9,1184,@7113b
2018-07-14 22:33:15,@5syh9,1184,@hrh6u
2018-07-14 22:33:15,@5syh9,1184,@99sm4
2018-07-14 22:33:15,@5syh9,1185,@7113b
2018-07-14 22:33:15,@5syh9,1185,@6qqfz
2018-07-14 22:33:15,@5syh9,1185,@hrh6u
2018-07-14 22:33:15,@5syh9,1185,@99sm4
2018-07-14 22:33:15,@u2m9a,1187,@fpg7q
2018-07-14 22:33:15,@u2m9a,1187,@5syh9
2018-07-14 22:33:15,@u2m9a,1187,@cfw1r
2018-07-15 22:33:15,@8vwn1,1188,@0yyjn
2018-07-15 22:33:15,@9bvyy,1189,@26p4i
2018-07-15 22:33:15,@9bvyy,1189,@rsniw
2018-07-15 22:33:15,@2s7bb,1190,@9vkyy
2018-07-15 22:33:15,@2s7bb,1190,@cfw1r
2018-07-15 22:33:15,@cfw1r,1191,@99sm4
2018-07-15 22:33:15,@cfw1r,1191,@9vkyy
2018-07-15 22:33:15,@cfw1r,1191,@61bfq
2018-07-15 22:33:15,@8vwn1,1192,@9vkyy
2018-07-15 22:33:15,@8vwn1,1192,@fpg7q
2018-07-15 22:33:15,@8vwn1,1192,@0yyjn
2018-07-15 22:33:15,@eg64d,1194,@58x4r
2018-07-15 22:33:15,@eg64d,1194,@9bvyy
2018-07-15 22:33:15,@eg64d,1194,@2s7bb
2018-07-15 22:33:15,@26p4i,1195,@0yyjn
2018-07-15 22:33:15,@26p4i,1195,@u2m9a
2018-07-15 22:33:15,@26p4i,1195,@58x4r
2018-07-15 22:33:15,@hrh6u,1197,@u2m9a
2018-07-15 22:33:15,@hrh6u,1197,@58x4r
2018-07-15 22:33:15,@hrh6u,1197,@eg64d
2018-07-15 22:33:15,@lcn7z,1199,@9vkyy
2018-07-15 22:33:15,@lcn7z,1199,@bp0nk
2018-07-15 22:33:15,@lcn7z,1199,@2s7bb
2018-07-15 22:33:15,@58x4r,1201,@5syh9
2018-07-15 22:33:15,@58x4r,1201,@eg64d
2018-07-15 22:33:15,@58x4r,1201,@hrh6u
2018-07-15 22:33:15,@0yyjn,1202,@9bvyy
2018-07-15 22:33:15,@hrh6u,1203,@58x4r
2018-07-15 22:33:15,@hrh6u,1203,@99sm4
2018-07-15 22:33:15,@hrh6u,1203,@u2m9a
2018-07-15 22:33:15,@7113b,1204,@u2m9a
2018-07-15 22:33:15,@7113b,1204,@58x4r
2018-07-15 22:33:15,@58x4r,1205,@5syh9
2018-07-15 22:33:15,@58x4r,1205,@rsniw
2018-07-15 22:33:15,@58x4r,1205,@eg64d
2018-07-15 22:33:15,@61bfq,1206,@5syh9
2018-07-15 22:33:15,@61bfq,1206,@fpg7q
2018-07-15 22:33:15,@9vkyy,1207,@rsniw
2018-07-15 22:33:15,@9vkyy,1207,@8vwn1
2018-07-15 22:33:15,@9vkyy,1207,@2s7bb
2018-07-15 22:33:15,@9vkyy,1207,@99sm4
2018-07-15 22:33:15,@7113b,1208,@5syh9
2018-07-15 22:33:15,@7113b,1208,@u2m9a
2018-07-15 22:33:15,@0yyjn,1209,@99sm4
2018-07-15 22:33:15,@58x4r,1210,@hrh6u
2018-07-15 22:33:15,@58x4r,1210,@eg64d
2018-07-15 22:33:15,@58x4r,1210,@5syh9
2018-07-15 22:33:15,@58x4r,1210,@rsniw
2018-07-15 22:33:15,@9vkyy,1211,@2s7bb
2018-07-15 22:33:15,@9vkyy,1211,@cfw1r
2018-07-15 22:33:15,@9vkyy,1211,@rsniw
2018-07-15 22:33:15,@9vkyy,1211,@8vwn1
2018-07-15 22:33:15,@9vkyy,1211,@99sm4
2018-07-15 22:33:15,@lcn7z,1212,@bp0nk
2018-07-15 22:33:15,@lcn7z,1212,@9vkyy
2018-07-15 22:33:15,@lcn7z,1212,@2s7bb
2018-07-15 22:33:15,@lcn7z,1212,@6qqfz
2018-07-15 22:33:15,@u2m9a,1213,@fpg7q
2018-07-15 22:33:15,@u2m9a,1213,@6qqfz
2018-07-15 22:33:15,@u2m9a,1214,@fpg7q
2018-07-15 22:33:15,@u2m9a,1214,@5syh9
2018-07-15 22:33:15,@9vkyy,1216,@hrh6u
2018-07-15 22:33:15,@9vkyy,1216,@cfw1r
2018-07-15 22:33:15,@9vkyy,1216,@rsniw
2018-07-15 22:33:15,@bp0nk,1217,@99sm4
2018-07-16 22:33:15,@99sm4,1220,@hrh6u
2018-07-16 22:33:15,@61bfq,1221,@hrh6u
2018-07-16 22:33:15,@61bfq,1221,@fpg7q
2018-07-16 22:33:15,@99sm4,1222,@58x4r
2018-07-16 22:33:15,@99sm4,1222,@hrh6u
2018-07-16 22:33:15,@99sm4,1222,@5syh9
2018-07-16 22:33:15,@6qqfz,1223,@7113b
2018-07-16 22:33:15,@6qqfz,1223,@26p4i
2018-07-16 22:33:15,@6qqfz,1223,@99sm4
2018-07-16 22:33:15,@6qqfz,1223,@lcn7z
2018-07-16 22:33:15,@6qqfz,1223,@5syh9
2018-07-16 22:33:15,@6qqfz,1223,@8vwn1
2018-07-16 22:33:15,@u2m9a,1224,@5syh9
2018-07-16 22:33:15,@u2m9a,1224,@fpg7q
2018-07-16 22:33:15,@61bfq,1227,@fpg7q
2018-07-16 22:33:15,@61bfq,1227,@5syh9
2018-07-16 22:33:15,@61bfq,1227,@hrh6u
2018-07-16 22:33:15,@5syh9,1228,@7113b
2018-07-16 22:33:15,@5syh9,1228,@hrh6u
2018-07-16 22:33:15,@5syh9,1228,@99sm4
2018-07-16 22:33:15,@99sm4,1229,@58x4r
2018-07-16 22:33:15,@99sm4,1229,@hrh6u
2018-07-16 22:33:15,@99sm4,1229,@5syh9
2018-07-16 22:33:15,@u2m9a,1230,@fpg7q
2018-07-16 22:33:15,@9bvyy,1231,@58x4r
2018-07-16 22:33:15,@9bvyy,1231,@6qqfz
2018-07-16 22:33:15,@8vwn1,1233,@99sm4
2018-07-16 22:33:15,@fpg7q,1234,@bp0nk
2018-07-16 22:33:15,@26p4i,1235,@58x4r
2018-07-16 22:33:15,@99sm4,1236,@hrh6u
2018-07-16 22:33:15,@99sm4,1236,@5syh9
2018-07-16 22:33:15,@2s7bb,1237,@cfw1r
2018-07-16 22:33:15,@8vwn1,1238,@0yyjn
2018-07-16 22:33:15,@8vwn1,1238,@99sm4
2018-07-16 22:33:15,@8vwn1,1238,@fpg7q
2018-07-16 22:33:15,@cfw1r,1239,@99sm4
2018-07-16 22:33:15,@cfw1r,1239,@bp0nk
2018-07-16 22:33:15,@lcn7z,1240,@2s7bb
2018-07-16 22:33:15,@0yyjn,1241,@99sm4
2018-07-16 22:33:15,@cfw1r,1245,@61bfq
2018-07-16 22:33:15,@cfw1r,1245,@0yyjn
2018-07-16 22:33:15,@2s7bb,1246,@cfw1r
2018-07-16 22:33:15,@2s7bb,1246,@9vkyy
2018-07-17 22:33:15,@cfw1r,1249,@99sm4
2018-07-17 22:33:15,@cfw1r,1249,@bp0nk
2018-07-17 22:33:15,@cfw1r,1249,@u2m9a
2018-07-17 22:33:15,@0yyjn,1250,@9vkyy
2018-07-17 22:33:15,@61bfq,1251,@hrh6u
2018-07-17 22:33:15,@61bfq,1251,@fpg7q
2018-07-17 22:33:15,@61bfq,1251,@5syh9
2018-07-17 22:33:15,@fpg7q,1253,@bp0nk
2018-07-17 22:33:15,@fpg7q,1253,@hrh6u
2018-07-17 22:33:15,@fpg7q,1253,@u2m9a
2018-07-17 22:33:15,@61bfq,1255,@hrh6u
2018-07-17 22:33:15,@fpg7q,1257,@u2m9a
2018-07-17 22:33:15,@fpg7q,1257,@hrh6u
2018-07-17 22:33:15,@rsniw,1259,@lcn7z
2018-07-17 22:33:15,@rsniw,1259,@2s7bb
2018-07-17 22:33:15,@rsniw,1259,@eg64d
2018-07-17 22:33:15,@lcn7z,1261,@6qqfz
2018-07-17 22:33:15,@lcn7z,1261,@2s7bb
2018-07-17 22:33:15,@lcn7z,1261,@bp0nk
2018-07-17 22:33:15,@cfw1r,1262,@0yyjn
2018-07-17 22:33:15,@9bvyy,1263,@rsniw
2018-07-17 22:33:15,@9bvyy,1263,@61bfq
2018-07-17 22:33:15,@9bvyy,1263,@58x4r
2018-07-17 22:33:15,@9bvyy,1263,@8vwn1
2018-07-17 22:33:15,@9bvyy,1263,@lcn7z
2018-07-17 22:33:15,@9vkyy,1264,@hrh6u
2018-07-17 22:33:15,@9vkyy,1264,@cfw1r
2018-07-17 22:33:15,@fpg7q,1265,@u2m9a
2018-07-17 22:33:15,@8vwn1,1266,@9vkyy
2018-07-17 22:33:15,@8vwn1,1266,@99sm4
2018-07-17 22:33:15,@0yyjn,1267,@99sm4
2018-07-17 22:33:15,@0yyjn,1267,@9bvyy
2018-07-17 22:33:15,@u2m9a,1269,@cfw1r
2018-07-17 22:33:15,@u2m9a,1269,@5syh9
2018-07-17 22:33:15,@u2m9a,1269,@fpg7q
2018-07-17 22:33:15,@2s7bb,1270,@9vkyy
2018-07-17 22:33:15,@2s7bb,1270,@u2m9a
2018-07-17 22:33:15,@2s7bb,1270,@0yyjn
2018-07-17 22:33:15,@hrh6u,1272,@u2m9a
2018-07-17 22:33:15,@hrh6u,1272,@eg64d
2018-07-17 22:33:15,@hrh6u,1272,@58x4r
2018-07-17 22:33:15,@hrh6u,1272,@99sm4
2018-07-17 22:33:15,@5syh9,1273,@hrh6u
2018-07-17 22:33:15,@7113b,1274,@58x4r
2018-07-17 22:33:15,@7113b,1274,@u2m9a
2018-07-17 22:33:15,@7113b,1274,@5syh9
2018-07-17 22:33:15,@58x4r,1275,@hrh6u
2018-07-17 22:33:15,@61bfq,1276,@hrh6u
2018-07-17 22:33:15,@61bfq,1276,@5syh9
2018-07-17 22:33:15,@61bfq,1276,@fpg7q
2018-07-17 22:33:15,@9vkyy,1277,@8vwn1
2018-07-17 22:33:15,@9vkyy,1277,@cfw1r
2018-07-17 22:33:15,@9vkyy,1277,@99sm4
2018-07-17 22:33:15,@9vkyy,1277,@2s7bb
2018-07-17 22:33:15,@9vkyy,1277,@rsniw
2018-07-17 22:33:15,@9vkyy,1277,@hrh6u
2018-07-18 22:33:15,@u2m9a,1279,@5syh9
2018-07-18 22:33:15,@u2m9a,1279,@fpg7q
2018-07-18 22:33:15,@0yyjn,1283,@99sm4
2018-07-18 22:33:15,@0yyjn,1283,@9bvyy
2018-07-18 22:33:15,@99sm4,1284,@hrh6u
2018-07-18 22:33:15,@99sm4,1284,@5syh9
2018-07-18 22:33:15,@cfw1r,1285,@9vkyy
2018-07-18 22:33:15,@cfw1r,1285,@61bfq
2018-07-18 22:33:15,@cfw1r,1285,@bp0nk
2018-07-18 22:33:15,@lcn7z,1289,@2s7bb
2018-07-18 22:33:15,@lcn7z,1289,@9vkyy
2018-07-18 22:33:15,@lcn7z,1290,@bp0nk
2018-07-18 22:33:15,@61bfq,1291,@5syh9
2018-07-18 22:33:15,@bp0nk,1292,@u2m9a
2018-07-18 22:33:15,@bp0nk,1292,@99sm4
2018-07-18 22:33:15,@0yyjn,1293,@9bvyy
2018-07-18 22:33:15,@0yyjn,1293,@9vkyy
2018-07-18 22:33:15,@0yyjn,1293,@99sm4
2018-07-18 22:33:15,@8vwn1,1294,@99sm4
2018-07-18 22:33:15,@58x4r,1295,@eg64d
2018-07-18 22:33:15,@58x4r,1295,@rsniw
2018-07-18 22:33:15,@58x4r,1295,@5syh9
2018-07-18 22:33:15,@9vkyy,1296,@2s7bb
2018-07-18 22:33:15,@9vkyy,1296,@hrh6u
2018-07-18 22:33:15,@9vkyy,1296,@99sm4
2018-07-18 22:33:15,@9vkyy,1296,@8vwn1
2018-07-18 22:33:15,@9vkyy,1296,@rsniw
2018-07-18 22:33:15,@9vkyy,1297,@99sm4
2018-07-18 22:33:15,@9vkyy,1297,@8vwn1
2018-07-18 22:33:15,@9vkyy,1297,@cfw1r
2018-07-18 22:33:15,@9vkyy,1297,@2s7bb
2018-07-18 22:33:15,@9vkyy,1297,@hrh6u
2018-07-18 22:33:15,@9vkyy,1297,@rsniw
2018-07-18 22:33:15,@lcn7z,1298,@6qqfz
2018-07-18 22:33:15,@lcn7z,1298,@2s7bb
2018-07-18 22:33:15,@lcn7z,1298,@9vkyy
2018-07-18 22:33:15,@u2m9a,1299,@6qqfz
2018-07-18 22:33:15,@u2m9a,1299,@cfw1r
2018-07-18 22:33:15,@u2m9a,1299,@fpg7q
2018-07-18 22:33:15,@u2m9a,1299,@5syh9
2018-07-18 22:33:15,@eg64d,1301,@2s7bb
2018-07-18 22:33:15,@eg64d,1301,@9bvyy
2018-07-18 22:33:15,@eg64d,1301,@58x4r
2018-07-18 22:33:15,@u2m9a,1302,@6qqfz
2018-07-18 22:33:15,@u2m9a,1302,@cfw1r
2018-07-18 22:33:15,@cfw1r,1303,@9vkyy
2018-07-18 22:33:15,@cfw1r,1303,@99sm4
2018-07-18 22:33:15,@cfw1r,1303,@0yyjn
2018-07-18 22:33:15,@hrh6u,1304,@99sm4
2018-07-18 22:33:15,@lcn7z,1305,@2s7bb
2018-07-18 22:33:15,@9bvyy,1306,@rsniw
2018-07-18 22:33:15,@9bvyy,1306,@58x4r
2018-07-18 22:33:15,@u2m9a,1307,@5syh9
2018-07-18 22:33:15,@u2m9a,1307,@6qqfz
2018-07-18 22:33:15,@u2m9a,1307,@fpg7q
2018-07-18 22:33:15,@u2m9a,1307,@cfw1r
2018-07-19 22:33:15,@9bvyy,1308,@26p4i
2018-07-19 22:33:15,@eg64d,1310,@58x4r
2018-07-19 22:33:15,@2s7bb,1311,@u2m9a
2018-07-19 22:33:15,@2s7bb,1311,@cfw1r
2018-07-19 22:33:15,@9vkyy,1312,@hrh6u
2018-07-19 22:33:15,@5syh9,1315,@6qqfz
2018-07-19 22:33:15,@5syh9,1315,@hrh6u
2018-07-19 22:33:15,@7113b,1316,@58x4r
2018-07-19 22:33:15,@7113b,1316,@u2m9a
2018-07-19 22:33:15,@7113b,1316,@5syh9
2018-07-19 22:33:15,@9vkyy,1317,@rsniw
2018-07-19 22:33:15,@9vkyy,1317,@cfw1r
2018-07-19 22:33:15,@9vkyy,1317,@99sm4
2018-07-19 22:33:15,@9vkyy,1317,@8vwn1
2018-07-19 22:33:15,@9vkyy,1317,@2s7bb
2018-07-19 22:33:15,@9vkyy,1317,@hrh6u
2018-07-19 22:33:15,@fpg7q,1318,@hrh6u
2018-07-19 22:33:15,@hrh6u,1320,@eg64d
2018-07-19 22:33:15,@hrh6u,1320,@u2m9a
2018-07-19 22:33:15,@hrh6u,1320,@58x4r
2018-07-19 22:33:15,@u2m9a,1321,@6qqfz
2018-07-19 22:33:15,@u2m9a,1321,@cfw1r
2018-07-19 22:33:15,@u2m9a,1321,@fpg7q
2018-07-19 22:33:15,@u2m9a,1321,@5syh9
2018-07-19 22:33:15,@9vkyy,1323,@8vwn1
2018-07-19 22:33:15,@9vkyy,1323,@cfw1r
2018-07-19 22:33:15,@9vkyy,1323,@99sm4
2018-07-19 22:33:15,@9vkyy,1323,@2s7bb
2018-07-19 22:33:15,@5syh9,1324,@6qqfz
2018-07-19 22:33:15,@5syh9,1324,@99sm4
2018-07-19 22:33:15,@5syh9,1324,@hrh6u
2018-07-19 22:33:15,@5syh9,1324,@7113b
2018-07-19 22:33:15,@u2m9a,1326,@cfw1r
2018-07-19 22:33:15,@u2m9a,1326,@fpg7q
2018-07-19 22:33:15,@7113b,1327,@5syh9
2018-07-19 22:33:15,@7113b,1327,@u2m9a
2018-07-19 22:33:15,@7113b,1330,@5syh9
2018-07-19 22:33:15,@7113b,1330,@58x4r
2018-07-19 22:33:15,@58x4r,1331,@eg64d
2018-07-19 22:33:15,@58x4r,1331,@5syh9
2018-07-19 22:33:15,@58x4r,1331,@hrh6u
2018-07-19 22:33:15,@99sm4,1333,@58x4r
2018-07-19 22:33:15,@99sm4,1333,@5syh9
2018-07-19 22:33:15,@58x4r,1334,@5syh9
2018-07-19 22:33:15,@58x4r,1334,@rsniw
2018-07-19 22:33:15,@58x4r,1334,@eg64d
2018-07-19 22:33:15,@58x4r,1334,@hrh6u
2018-07-19 22:33:15,@u2m9a,1335,@5syh9
2018-07-19 22:33:15,@u2m9a,1335,@6qqfz
2018-07-19 22:33:15,@u2m9a,1335,@cfw1r
2018-07-19 22:33:15,@u2m9a,1335,@fpg7q
2018-07-19 22:33:15,@99sm4,1336,@5syh9
2018-07-19 22:33:15,@0yyjn,1337,@9vkyy
2018-07-19 22:33:15,@0yyjn,1337,@99sm4
2018-07-20 22:33:15,@9vkyy,1340,@8vwn1
2018-07-20 22:33:15,@8vwn1,1342,@99sm4
2018-07-20 22:33:15,@8vwn1,1342,@fpg7q
2018-07-20 22:33:15,@26p4i,1343,@0yyjn
2018-07-20 22:33:15,@hrh6u,1344,@eg64d
2018-07-20 22:33:15,@hrh6u,1344,@99sm4
2018-07-20 22:33:15,@hrh6u,1344,@58x4r
2018-07-20 22:33:15,@hrh6u,1344,@u2m9a
2018-07-20 22:33:15,@rsniw,1345,@lcn7z
2018-07-20 22:33:15,@rsniw,1345,@eg64d
2018-07-20 22:33:15,@rsniw,1345,@2s7bb
2018-07-20 22:33:15,@2s7bb,1346,@u2m9a
2018-07-20 22:33:15,@2s7bb,1346,@9vkyy
2018-07-20 22:33:15,@2s7bb,1346,@0yyjn
2018-07-20 22:33:15,@0yyjn,1347,@9bvyy
2018-07-20 22:33:15,@58x4r,1348,@rsniw
2018-07-20 22:33:15,@9bvyy,1349,@6qqfz
2018-07-20 22:33:15,@9bvyy,1349,@8vwn1
2018-07-20 22:33:15,@9bvyy,1349,@rsniw
2018-07-20 22:33:15,@9bvyy,1349,@26p4i
2018-07-20 22:33:15,@9bvyy,1349,@lcn7z
2018-07-20 22:33:15,@9bvyy,1349,@58x4r
2018-07-20 22:33:15,@rsniw,1350,@lcn7z
2018-07-20 22:33:15,@rsniw,1350,@eg64d
2018-07-20 22:33:15,@rsniw,1350,@2s7bb
2018-07-20 22:33:15,@5syh9,1351,@6qqfz
2018-07-20 22:33:15,@5syh9,1351,@99sm4
2018-07-20 22:33:15,@lcn7z,1352,@6qqfz
2018-07-20 22:33:15,@lcn7z,1352,@bp0nk
2018-07-20 22:33:15,@lcn7z,1352,@9vkyy
2018-07-20 22:33:15,@lcn7z,1352,@2s7bb
2018-07-20 22:33:15,@cfw1r,1353,@99sm4
2018-07-20 22:33:15,@cfw1r,1353,@bp0nk
2018-07-20 22:33:15,@lcn7z,1355,@6qqfz
2018-07-20 22:33:15,@lcn7z,1355,@9vkyy
2018-07-20 22:33:15,@lcn7z,1355,@bp0nk
2018-07-20 22:33:15,@lcn7z,1355,@2s7bb
2018-07-20 22:33:15,@99sm4,1357,@5syh9
2018-07-20 22:33:15,@99sm4,1357,@58x4r
2018-07-20 22:33:15,@99sm4,1357,@hrh6u
2018-07-20 22:33:15,@eg64d,1358,@2s7bb
2018-07-20 22:33:15,@eg64d,1358,@9bvyy
2018-07-20 22:33:15,@cfw1r,1359,@9vkyy
2018-07-20 22:33:15,@cfw1r,1359,@bp0nk
2018-07-20 22:33:15,@cfw1r,1359,@u2m9a
2018-07-20 22:33:15,@cfw1r,1359,@61bfq
2018-07-20 22:33:15,@hrh6u,1360,@58x4r
2018-07-20 22:33:15,@hrh6u,1360,@99sm4
2018-07-20 22:33:15,@hrh6u,1360,@u2m9a
2018-07-20 22:33:15,@hrh6u,1360,@eg64d
2018-07-20 22:33:15,@u2m9a,1361,@fpg7q
2018-07-20 22:33:15,@u2m9a,1361,@6qqfz
2018-07-20 22:33:15,@u2m9a,1361,@5syh9
2018-07-20 22:33:15,@61bfq,1362,@fpg7q
2018-07-20 22:33:15,@cfw1r,1365,@u2m9a
2018-07-20 22:33:15,@cfw1r,1365,@99sm4
2018-07-20 22:33:15,@cfw1r,1365,@0yyjn
2018-07-20 22:33:15,@cfw1r,1365,@bp0nk
2018-07-20 22:33:15,@hrh6u,1366,@eg64d
2018-07-20 22:33:15,@hrh6u,1366,@99sm4
2018-07-20 22:33:15,@hrh6u,1366,@58x4r
2018-07-20 22:33:15,@lcn7z,1367,@6qqfz
2018-07-20 22:33:15,@lcn7z,1367,@2s7bb
2018-07-20 22:33:15,@lcn7z,1367,@bp0nk
2018-07-20 22:33:15,@lcn7z,1367,@9vkyy
2018-07-21 22:33:15,@fpg7q,1368,@bp0nk
2018-07-21 22:33:15,@fpg7q,1368,@hrh6u
2018-07-21 22:33:15,@fpg7q,1368,@u2m9a
2018-07-21 22:33:15,@6qqfz,1369,@9bvyy
2018-07-21 22:33:15,@6qqfz,1369,@99sm4
2018-07-21 22:33:15,@6qqfz,1369,@7113b
2018-07-21 22:33:15,@6qqfz,1369,@5syh9
2018-07-21 22:33:15,@6qqfz,1369,@26p4i
2018-07-21 22:33:15,@hrh6u,1370,@u2m9a
2018-07-21 22:33:15,@fpg7q,1372,@u2m9a
2018-07-21 22:33:15,@fpg7q,1372,@hrh6u
2018-07-21 22:33:15,@6qqfz,1373,@5syh9
2018-07-21 22:33:15,@6qqfz,1373,@99sm4
2018-07-21 22:33:15,@6qqfz,1373,@26p4i
2018-07-21 22:33:15,@bp0nk,1374,@u2m9a
2018-07-21 22:33:15,@hrh6u,1375,@58x4r
2018-07-21 22:33:15,@hrh6u,1375,@u2m9a
2018-07-21 22:33:15,@hrh6u,1375,@99sm4
2018-07-21 22:33:15,@9bvyy,1376,@58x4r
2018-07-21 22:33:15,@9bvyy,1376,@8vwn1
2018-07-21 22:33:15,@9bvyy,1376,@6qqfz
2018-07-21 22:33:15,@9bvyy,1376,@lcn7z
2018-07-21 22:33:15,@9bvyy,1376,@rsniw
2018-07-21 22:33:15,@9bvyy,1376,@61bfq
2018-07-21 22:33:15,@9bvyy,1376,@26p4i
2018-07-21 22:33:15,@2s7bb,1379,@9vkyy
2018-07-21 22:33:15,@2s7bb,1379,@u2m9a
2018-07-21 22:33:15,@2s7bb,1379,@cfw1r
2018-07-21 22:33:15,@2s7bb,1379,@0yyjn
2018-07-21 22:33:15,@eg64d,1380,@9bvyy
2018-07-21 22:33:15,@eg64d,1380,@2s7bb
2018-07-21 22:33:15,@26p4i,1381,@58x4r
2018-07-21 22:33:15,@26p4i,1381,@0yyjn
2018-07-21 22:33:15,@26p4i,1381,@u2m9a
2018-07-21 22:33:15,@61bfq,1382,@fpg7q
2018-07-21 22:33:15,@rsniw,1383,@eg64d
2018-07-21 22:33:15,@rsniw,1383,@lcn7z
2018-07-21 22:33:15,@8vwn1,1384,@99sm4
2018-07-21 22:33:15,@8vwn1,1384,@fpg7q
2018-07-21 22:33:15,@8vwn1,1384,@0yyjn
2018-07-21 22:33:15,@8vwn1,1384,@9vkyy
2018-07-21 22:33:15,@9vkyy,1385,@99sm4
2018-07-21 22:33:15,@2s7bb,1387,@0yyjn
2018-07-21 22:33:15,@2s7bb,1387,@9vkyy
2018-07-21 22:33:15,@2s7bb,1387,@cfw1r
2018-07-21 22:33:15,@2s7bb,1388,@cfw1r
2018-07-21 22:33:15,@2s7bb,1388,@0yyjn
2018-07-21 22:33:15,@2s7bb,1388,@9vkyy
2018-07-21 22:33:15,@2s7bb,1388,@u2m9a
2018-07-21 22:33:15,@9bvyy,1389,@lcn7z
2018-07-21 22:33:15,@9bvyy,1389,@rsniw
2018-07-21 22:33:15,@9bvyy,1389,@61bfq
2018-07-21 22:33:15,@9bvyy,1389,@6qqfz
2018-07-21 22:33:15,@9bvyy,1389,@8vwn1
2018-07-21 22:33:15,@9bvyy,1389,@58x4r
2018-07-21 22:33:15,@9bvyy,1389,@26p4i
2018-07-21 22:33:15,@cfw1r,1390,@61bfq
2018-07-21 22:33:15,@cfw1r,1390,@0yyjn
2018-07-21 22:33:15,@0yyjn,1393,@9bvyy
2018-07-21 22:33:15,@0yyjn,1393,@9vkyy
2018-07-21 22:33:15,@cfw1r,1395,@61bfq
2018-07-21 22:33:15,@cfw1r,1395,@9vkyy
2018-07-21 22:33:15,@cfw1r,1395,@bp0nk
2018-07-21 22:33:15,@cfw1r,1395,@99sm4
2018-07-21 22:33:15,@cfw1r,1395,@u2m9a
2018-07-21 22:33:15,@cfw1r,1395,@0yyjn
2018-07-21 22:33:15,@u2m9a,1396,@fpg7q
2018-07-21 22:33:15,@u2m9a,1397,@5syh9
2018-07-21 22:33:15,@u2m9a,1397,@cfw1r
2018-07-21 22:33:15,@u2m9a,1397,@fpg7q
2018-07-22 22:33:15,@hrh6u,1398,@eg64d
2018-07-22 22:33:15,@bp0nk,1399,@99sm4
2018-07-22 22:33:15,@8vwn1,1400,@99sm4
2018-07-22 22:33:15,@8vwn1,1400,@fpg7q
2018-07-22 22:33:15,@8vwn1,1400,@9vkyy
2018-07-22 22:33:15,@cfw1r,1401,@bp0nk
2018-07-22 22:33:15,@cfw1r,1401,@u2m9a
2018-07-22 22:33:15,@cfw1r,1401,@61bfq
2018-07-22 22:33:15,@9vkyy,1402,@8vwn1
2018-07-22 22:33:15,@26p4i,1404,@58x4r
2018-07-22 22:33:15,@0yyjn,1405,@9vkyy
2018-07-22 22:33:15,@0yyjn,1405,@99sm4
2018-07-22 22:33:15,@0yyjn,1405,@9bvyy
2018-07-22 22:33:15,@cfw1r,1407,@99sm4
2018-07-22 22:33:15,@cfw1r,1407,@61bfq
2018-07-22 22:33:15,@bp0nk,1409,@u2m9a
2018-07-22 22:33:15,@bp0nk,1409,@99sm4
2018-07-22 22:33:15,@lcn7z,1412,@bp0nk
2018-07-22 22:33:15,@lcn7z,1412,@9vkyy
2018-07-22 22:33:15,@lcn7z,1412,@2s7bb
2018-07-22 22:33:15,@lcn7z,1412,@6qqfz
2018-07-22 22:33:15,@6qqfz,1415,@26p4i
2018-07-22 22:33:15,@6qqfz,1415,@9bvyy
2018-07-22 22:33:15,@6qqfz,1415,@8vwn1
2018-07-22 22:33:15,@6qqfz,1415,@lcn7z
2018-07-22 22:33:15,@26p4i,1416,@u2m9a
2018-07-22 22:33:15,@5syh9,1418,@7113b
2018-07-22 22:33:15,@eg64d,1420,@9bvyy
2018-07-22 22:33:15,@6qqfz,1422,@lcn7z
2018-07-22 22:33:15,@cfw1r,1423,@u2m9a
2018-07-22 22:33:15,@cfw1r,1423,@bp0nk
2018-07-22 22:33:15,@cfw1r,1423,@99sm4
2018-07-22 22:33:15,@8vwn1,1424,@0yyjn
2018-07-22 22:33:15,@8vwn1,1424,@fpg7q
2018-07-22 22:33:15,@99sm4,1425,@58x4r
2018-07-22 22:33:15,@99sm4,1425,@5syh9
2018-07-22 22:33:15,@0yyjn,1426,@9vkyy
2018-07-22 22:33:15,@0yyjn,1426,@99sm4
2018-07-22 22:33:15,@0yyjn,1426,@9bvyy
2018-07-22 22:33:15,@cfw1r,1427,@bp0nk
2018-07-23 22:33:15,@61bfq,1428,@fpg7q
2018-07-23 22:33:15,@61bfq,1428,@hrh6u
2018-07-23 22:33:15,@hrh6u,1431,@eg64d
2018-07-23 22:33:15,@hrh6u,1431,@99sm4
2018-07-23 22:33:15,@hrh6u,1431,@u2m9a
2018-07-23 22:33:15,@61bfq,1432,@fpg7q
2018-07-23 22:33:15,@0yyjn,1433,@99sm4
2018-07-23 22:33:15,@0yyjn,1433,@9vkyy
2018-07-23 22:33:15,@9vkyy,1434,@2s7bb
2018-07-23 22:33:15,@9vkyy,1434,@8vwn1
2018-07-23 22:33:15,@9vkyy,1434,@hrh6u
2018-07-23 22:33:15,@9vkyy,1434,@99sm4
2018-07-23 22:33:15,@9vkyy,1434,@rsniw
2018-07-23 22:33:15,@7113b,1435,@58x4r
2018-07-23 22:33:15,@7113b,1435,@5syh9
2018-07-23 22:33:15,@hrh6u,1436,@99sm4
2018-07-23 22:33:15,@hrh6u,1436,@u2m9a
2018-07-23 22:33:15,@hrh6u,1436,@58x4r
2018-07-23 22:33:15,@58x4r,1437,@eg64d
2018-07-23 22:33:15,@58x4r,1437,@hrh6u
2018-07-23 22:33:15,@rsniw,1438,@eg64d
2018-07-23 22:33:15,@rsniw,1438,@2s7bb
2018-07-23 22:33:15,@rsniw,1438,@lcn7z
2018-07-23 22:33:15,@fpg7q,1439,@bp0nk
2018-07-23 22:33:15,@fpg7q,1439,@u2m9a
2018-07-23 22:33:15,@fpg7q,1439,@hrh6u
2018-07-23 22:33:15,@61bfq,1441,@hrh6u
2018-07-23 22:33:15,@61bfq,1441,@5syh9
2018-07-23 22:33:15,@8vwn1,1442,@fpg7q
2018-07-23 22:33:15,@8vwn1,1442,@9vkyy
2018-07-23 22:33:15,@8vwn1,1442,@99sm4
2018-07-23 22:33:15,@9vkyy,1443,@hrh6u
2018-07-23 22:33:15,@9vkyy,1443,@rsniw
2018-07-23 22:33:15,@9vkyy,1443,@cfw1r
2018-07-23 22:33:15,@2s7bb,1445,@9vkyy
2018-07-23 22:33:15,@9vkyy,1446,@hrh6u
2018-07-23 22:33:15,@9vkyy,1447,@8vwn1
2018-07-23 22:33:15,@9vkyy,1447,@cfw1r
2018-07-23 22:33:15,@9vkyy,1447,@99sm4
2018-07-23 22:33:15,@9vkyy,1447,@2s7bb
2018-07-23 22:33:15,@0yyjn,1448,@99sm4
2018-07-23 22:33:15,@0yyjn,1448,@9bvyy
2018-07-23 22:33:15,@0yyjn,1448,@9vkyy
2018-07-23 22:33:15,@5syh9,1449,@6qqfz
2018-07-23 22:33:15,@99sm4,1450,@5syh9
2018-07-23 22:33:15,@5syh9,1452,@6qqfz
2018-07-23 22:33:15,@5syh9,1452,@hrh6u
2018-07-23 22:33:15,@5syh9,1457,@6qqfz
2018-07-24 22:33:15,@2s7bb,1458,@cfw1r
2018-07-24 22:33:15,@99sm4,1459,@5syh9
2018-07-24 22:33:15,@2s7bb,1460,@9vkyy
2018-07-24 22:33:15,@2s7bb,1460,@0yyjn
2018-07-24 22:33:15,@2s7bb,1460,@u2m9a
2018-07-24 22:33:15,@eg64d,1461,@2s7bb
2018-07-24 22:33:15,@eg64d,1461,@58x4r
2018-07-24 22:33:15,@eg64d,1461,@9bvyy
2018-07-24 22:33:15,@9vkyy,1462,@hrh6u
2018-07-24 22:33:15,@9vkyy,1462,@99sm4
2018-07-24 22:33:15,@9vkyy,1462,@cfw1r
2018-07-24 22:33:15,@9vkyy,1462,@8vwn1
2018-07-24 22:33:15,@6qqfz,1463,@99sm4
2018-07-24 22:33:15,@6qqfz,1463,@5syh9
2018-07-24 22:33:15,@6qqfz,1463,@8vwn1
2018-07-24 22:33:15,@99sm4,1464,@5syh9
2018-07-24 22:33:15,@9vkyy,1465,@cfw1r
2018-07-24 22:33:15,@9vkyy,1465,@99sm4
2018-07-24 22:33:15,@9vkyy,1465,@8vwn1
2018-07-24 22:33:15,@9vkyy,1465,@2s7bb
2018-07-24 22:33:15,@9vkyy,1465,@hrh6u
2018-07-24 22:33:15,@6qqfz,1466,@5syh9
2018-07-24 22:33:15,@6qqfz,1466,@7113b
2018-07-24 22:33:15,@6qqfz,1466,@8vwn1
2018-07-24 22:33:15,@6qqfz,1466,@99sm4
2018-07-24 22:33:15,@6qqfz,1466,@26p4i
2018-07-24 22:33:15,@6qqfz,1466,@lcn7z
2018-07-24 22:33:15,@6qqfz,1466,@9bvyy
2018-07-24 22:33:15,@lcn7z,1468,@9vkyy
2018-07-24 22:33:15,@8vwn1,1469,@0yyjn
2018-07-24 22:33:15,@8vwn1,1469,@99sm4
2018-07-24 22:33:15,@8vwn1,1469,@9vkyy
2018-07-24 22:33:15,@8vwn1,1469,@fpg7q
2018-07-24 22:33:15,@fpg7q,1470,@hrh6u
2018-07-24 22:33:15,@fpg7q,1471,@u2m9a
2018-07-24 22:33:15,@cfw1r,1472,@bp0nk
2018-07-24 22:33:15,@cfw1r,1472,@99sm4
2018-07-24 22:33:15,@cfw1r,1472,@0yyjn
2018-07-24 22:33:15,@cfw1r,1472,@61bfq
2018-07-24 22:33:15,@cfw1r,1472,@u2m9a
2018-07-24 22:33:15,@bp0nk,1473,@99sm4
2018-07-24 22:33:15,@bp0nk,1473,@u2m9a
2018-07-24 22:33:15,@6qqfz,1474,@9bvyy
2018-07-24 22:33:15,@6qqfz,1474,@lcn7z
2018-07-24 22:33:15,@6qqfz,1474,@7113b
2018-07-24 22:33:15,@6qqfz,1474,@26p4i
2018-07-24 22:33:15,@6qqfz,1474,@8vwn1
2018-07-24 22:33:15,@6qqfz,1474,@5syh9
2018-07-24 22:33:15,@6qqfz,1474,@99sm4
2018-07-24 22:33:15,@fpg7q,1477,@bp0nk
2018-07-24 22:33:15,@fpg7q,1477,@hrh6u
2018-07-24 22:33:15,@fpg7q,1477,@u2m9a
2018-07-24 22:33:15,@9bvyy,1478,@26p4i
2018-07-24 22:33:15,@9bvyy,1481,@8vwn1
2018-07-24 22:33:15,@9bvyy,1481,@6qqfz
2018-07-24 22:33:15,@9bvyy,1481,@61bfq
2018-07-24 22:33:15,@9bvyy,1481,@rsniw
2018-07-24 22:33:15,@9bvyy,1481,@58x4r
2018-07-24 22:33:15,@9bvyy,1481,@26p4i
2018-07-24 22:33:15,@fpg7q,1482,@bp0nk
2018-07-24 22:33:15,@fpg7q,1482,@hrh6u
2018-07-24 22:33:15,@7113b,1483,@58x4r
2018-07-24 22:33:15,@7113b,1483,@5syh9
2018-07-24 22:33:15,@bp0nk,1484,@99sm4
2018-07-24 22:33:15,@58x4r,1485,@eg64d
2018-07-24 22:33:15,@eg64d,1487,@58x4r
2018-07-24 22:33:15,@eg64d,1487,@9bvyy
2018-07-25 22:33:15,@hrh6u,1488,@99sm4
2018-07-25 22:33:15,@hrh6u,1488,@eg64d
2018-07-25 22:33:15,@hrh6u,1488,@58x4r
2018-07-25 22:33:15,@9bvyy,1490,@61bfq
2018-07-25 22:33:15,@9bvyy,1490,@rsniw
2018-07-25 22:33:15,@9bvyy,1490,@lcn7z
2018-07-25 22:33:15,@9bvyy,1490,@6qqfz
2018-07-25 22:33:15,@9bvyy,1490,@8vwn1
2018-07-25 22:33:15,@9bvyy,1490,@26p4i
2018-07-25 22:33:15,@lcn7z,1491,@2s7bb
2018-07-25 22:33:15,@5syh9,1492,@6qqfz
2018-07-25 22:33:15,@5syh9,1492,@99sm4
2018-07-25 22:33:15,@5syh9,1492,@hrh6u
2018-07-25 22:33:15,@5syh9,1492,@7113b
2018-07-25 22:33:15,@8vwn1,1493,@99sm4
2018-07-25 22:33:15,@8vwn1,1493,@0yyjn
2018-07-25 22:33:15,@6qqfz,1494,@9bvyy
2018-07-25 22:33:15,@6qqfz,1494,@8vwn1
2018-07-25 22:33:15,@6qqfz,1494,@5syh9
2018-07-25 22:33:15,@6qqfz,1494,@26p4i
2018-07-25 22:33:15,@hrh6u,1495,@99sm4
2018-07-25 22:33:15,@6qqfz,1496,@lcn7z
2018-07-25 22:33:15,@6qqfz,1496,@8vwn1
2018-07-25 22:33:15,@6qqfz,1496,@5syh9
2018-07-25 22:33:15,@0yyjn,1498,@9bvyy
2018-07-25 22:33:15,@u2m9a,1499,@6qqfz
2018-07-25 22:33:15,@u2m9a,1499,@cfw1r
2018-07-25 22:33:15,@u2m9a,1499,@5syh9
2018-07-25 22:33:15,@u2m9a,1499,@fpg7q
2018-07-25 22:33:15,@7113b,1500,@u2m9a
2018-07-25 22:33:15,@7113b,1500,@58x4r
2018-07-25 22:33:15,@9bvyy,1501,@61bfq
2018-07-25 22:33:15,@9bvyy,1501,@lcn7z
2018-07-25 22:33:15,@9bvyy,1501,@8vwn1
2018-07-25 22:33:15,@9bvyy,1501,@26p4i
2018-07-25 22:33:15,@9bvyy,1501,@rsniw
2018-07-25 22:33:15,@eg64d,1502,@2s7bb
2018-07-25 22:33:15,@eg64d,1502,@9bvyy
2018-07-25 22:33:15,@hrh6u,1505,@u2m9a
2018-07-25 22:33:15,@hrh6u,1505,@58x4r
2018-07-25 22:33:15,@hrh6u,1505,@99sm4
2018-07-25 22:33:15,@hrh6u,1505,@eg64d
2018-07-25 22:33:15,@hrh6u,1506,@u2m9a
2018-07-25 22:33:15,@hrh6u,1506,@eg64d
2018-07-25 22:33:15,@hrh6u,1506,@58x4r
2018-07-25 22:33:15,@6qqfz,1507,@8vwn1
2018-07-25 22:33:15,@6qqfz,1507,@26p4i
2018-07-25 22:33:15,@6qqfz,1507,@lcn7z
2018-07-25 22:33:15,@6qqfz,1508,@lcn7z
2018-07-25 22:33:15,@6qqfz,1508,@26p4i
2018-07-25 22:33:15,@8vwn1,1509,@99sm4
2018-07-25 22:33:15,@bp0nk,1510,@u2m9a
2018-07-25 22:33:15,@bp0nk,1510,@99sm4
2018-07-25 22:33:15,@5syh9,1511,@6qqfz
2018-07-25 22:33:15,@6qqfz,1512,@7113b
2018-07-25 22:33:15,@6qqfz,1512,@26p4i
2018-07-25 22:33:15,@u2m9a,1513,@cfw1r
2018-07-25 22:33:15,@fpg7q,1514,@bp0nk
2018-07-25 22:33:15,@0yyjn,1515,@99sm4
2018-07-25 22:33:15,@0yyjn,1515,@9vkyy
2018-07-25 22:33:15,@6qqfz,1516,@9bvyy
2018-07-25 22:33:15,@26p4i,1517,@0yyjn
2018-07-25 22:33:15,@26p4i,1517,@u2m9a
2018-07-26 22:33:15,@5syh9,1518,@7113b
2018-07-26 22:33:15,@5syh9,1518,@6qqfz
2018-07-26 22:33:15,@7113b,1519,@u2m9a
2018-07-26 22:33:15,@rsniw,1520,@eg64d
2018-07-26 22:33:15,@rsniw,1520,@lcn7z
2018-07-26 22:33:15,@rsniw,1520,@2s7bb
2018-07-26 22:33:15,@rsniw,1521,@eg64d
2018-07-26 22:33:15,@26p4i,1522,@0yyjn
2018-07-26 22:33:15,@u2m9a,1523,@fpg7q
2018-07-26 22:33:15,@u2m9a,1523,@6qqfz
2018-07-26 22:33:15,@u2m9a,1523,@cfw1r
2018-07-26 22:33:15,@hrh6u,1524,@u2m9a
2018-07-26 22:33:15,@bp0nk,1525,@99sm4
2018-07-26 22:33:15,@bp0nk,1525,@u2m9a
2018-07-26 22:33:15,@bp0nk,1527,@99sm4
2018-07-26 22:33:15,@cfw1r,1528,@bp0nk
2018-07-26 22:33:15,@cfw1r,1528,@0yyjn
2018-07-26 22:33:15,@cfw1r,1528,@9vkyy
2018-07-26 22:33:15,@cfw1r,1528,@61bfq
2018-07-26 22:33:15,@cfw1r,1528,@u2m9a
2018-07-26 22:33:15,@9vkyy,1529,@hrh6u
2018-07-26 22:33:15,@9vkyy,1529,@99sm4
2018-07-26 22:33:15,@9vkyy,1529,@8vwn1
2018-07-26 22:33:15,@9vkyy,1529,@cfw1r
2018-07-26 22:33:15,@9vkyy,1529,@rsniw
2018-07-26 22:33:15,@9vkyy,1530,@2s7bb
2018-07-26 22:33:15,@9vkyy,1530,@cfw1r
2018-07-26 22:33:15,@9vkyy,1530,@hrh6u
2018-07-26 22:33:15,@9vkyy,1530,@99sm4
2018-07-26 22:33:15,@0yyjn,1531,@99sm4
2018-07-26 22:33:15,@0yyjn,1531,@9bvyy
2018-07-26 22:33:15,@0yyjn,1532,@9vkyy
2018-07-26 22:33:15,@0yyjn,1532,@99sm4
2018-07-26 22:33:15,@2s7bb,1535,@u2m9a
2018-07-26 22:33:15,@2s7bb,1535,@0yyjn
2018-07-26 22:33:15,@26p4i,1537,@u2m9a
2018-07-26 22:33:15,@26p4i,1537,@0yyjn
2018-07-26 22:33:15,@bp0nk,1539,@99sm4
2018-07-26 22:33:15,@bp0nk,1539,@u2m9a
2018-07-26 22:33:15,@lcn7z,1540,@9vkyy
2018-07-26 22:33:15,@lcn7z,1540,@bp0nk
2018-07-26 22:33:15,@lcn7z,1540,@6qqfz
2018-07-26 22:33:15,@lcn7z,1541,@2s7bb
2018-07-26 22:33:15,@lcn7z,1541,@9vkyy
2018-07-26 22:33:15,@lcn7z,1541,@6qqfz
2018-07-26 22:33:15,@99sm4,1542,@5syh9
2018-07-26 22:33:15,@99sm4,1542,@hrh6u
2018-07-26 22:33:15,@9vkyy,1543,@cfw1r
2018-07-26 22:33:15,@bp0nk,1546,@99sm4
2018-07-26 22:33:15,@bp0nk,1546,@u2m9a
2018-07-26 22:33:15,@9vkyy,1547,@2s7bb
2018-07-26 22:33:15,@9vkyy,1547,@8vwn1
2018-07-26 22:33:15,@9vkyy,1547,@rsniw
2018-07-26 22:33:15,@9vkyy,1547,@hrh6u
2018-07-26 22:33:15,@9vkyy,1547,@cfw1r
2018-07-26 22:33:15,@9vkyy,1547,@99sm4
2018-07-27 22:33:15,@2s7bb,1549,@0yyjn
2018-07-27 22:33:15,@2s7bb,1549,@9vkyy
2018-07-27 22:33:15,@2s7bb,1549,@cfw1r
2018-07-27 22:33:15,@2s7bb,1549,@u2m9a
2018-07-27 22:33:15,@9bvyy,1551,@rsniw
2018-07-27 22:33:15,@9bvyy,1551,@6qqfz
2018-07-27 22:33:15,@9bvyy,1551,@61bfq
2018-07-27 22:33:15,@9bvyy,1551,@8vwn1
2018-07-27 22:33:15,@6qqfz,1552,@26p4i
2018-07-27 22:33:15,@6qqfz,1552,@7113b
2018-07-27 22:33:15,@cfw1r,1553,@0yyjn
2018-07-27 22:33:15,@cfw1r,1553,@bp0nk
2018-07-27 22:33:15,@cfw1r,1553,@99sm4
2018-07-27 22:33:15,@cfw1r,1553,@9vkyy
2018-07-27 22:33:15,@cfw1r,1553,@u2m9a
2018-07-27 22:33:15,@cfw1r,1553,@61bfq
2018-07-27 22:33:15,@6qqfz,1555,@7113b
2018-07-27 22:33:15,@6qqfz,1555,@5syh9
2018-07-27 22:33:15,@6qqfz,1555,@8vwn1
2018-07-27 22:33:15,@eg64d,1556,@9bvyy
2018-07-27 22:33:15,@eg64d,1557,@9bvyy
2018-07-27 22:33:15,@eg64d,1557,@58x4r
2018-07-27 22:33:15,@eg64d,1557,@2s7bb
2018-07-27 22:33:15,@lcn7z,1558,@bp0nk
2018-07-27 22:33:15,@lcn7z,1558,@2s7bb
2018-07-27 22:33:15,@lcn7z,1558,@6qqfz
2018-07-27 22:33:15,@lcn7z,1558,@9vkyy
2018-07-27 22:33:15,@2s7bb,1559,@9vkyy
2018-07-27 22:33:15,@hrh6u,1560,@eg64d
2018-07-27 22:33:15,@hrh6u,1560,@58x4r
2018-07-27 22:33:15,@u2m9a,1561,@6qqfz
2018-07-27 22:33:15,@5syh9,1562,@hrh6u
2018-07-27 22:33:15,@5syh9,1562,@99sm4
2018-07-27 22:33:15,@5syh9,1562,@6qqfz
2018-07-27 22:33:15,@5syh9,1562,@7113b
2018-07-27 22:33:15,@61bfq,1563,@fpg7q
2018-07-27 22:33:15,@61bfq,1563,@5syh9
2018-07-27 22:33:15,@61bfq,1563,@hrh6u
2018-07-27 22:33:15,@rsniw,1564,@2s7bb
2018-07-27 22:33:15,@rsniw,1564,@lcn7z
2018-07-27 22:33:15,@rsniw,1564,@eg64d
2018-07-27 22:33:15,@9bvyy,1565,@26p4i
2018-07-27 22:33:15,@9bvyy,1565,@61bfq
2018-07-27 22:33:15,@9bvyy,1565,@rsniw
2018-07-27 22:33:15,@9bvyy,1565,@58x4r
2018-07-27 22:33:15,@9bvyy,1565,@6qqfz
2018-07-27 22:33:15,@9bvyy,1565,@lcn7z
2018-07-27 22:33:15,@8vwn1,1566,@99sm4
2018-07-27 22:33:15,@8vwn1,1566,@9vkyy
2018-07-27 22:33:15,@8vwn1,1566,@fpg7q
2018-07-27 22:33:15,@8vwn1,1566,@0yyjn
2018-07-27 22:33:15,@5syh9,1568,@hrh6u
2018-07-27 22:33:15,@5syh9,1568,@6qqfz
2018-07-27 22:33:15,@5syh9,1568,@99sm4
2018-07-27 22:33:15,@5syh9,1568,@7113b
2018-07-27 22:33:15,@61bfq,1569,@fpg7q
2018-07-27 22:33:15,@61bfq,1569,@5syh9
2018-07-27 22:33:15,@lcn7z,1570,@bp0nk
2018-07-27 22:33:15,@lcn7z,1570,@2s7bb
2018-07-27 22:33:15,@lcn7z,1570,@9vkyy
2018-07-27 22:33:15,@rsniw,1571,@2s7bb
2018-07-27 22:33:15,@rsniw,1571,@lcn7z
2018-07-27 22:33:15,@eg64d,1572,@58x4r
2018-07-27 22:33:15,@eg64d,1572,@2s7bb
2018-07-27 22:33:15,@eg64d,1572,@9bvyy
2018-07-27 22:33:15,@99sm4,1573,@58x4r
2018-07-27 22:33:15,@2s7bb,1575,@u2m9a
2018-07-27 22:33:15,@2s7bb,1576,@cfw1r
2018-07-27 22:33:15,@6qqfz,1577,@lcn7z
2018-07-27 22:33:15,@6qqfz,1577,@5syh9
2018-07-27 22:33:15,@6qqfz,1577,@26p4i
2018-07-27 22:33:15,@6qqfz,1577,@7113b
2018-07-27 22:33:15,@6qqfz,1577,@9bvyy
2018-07-27 22:33:15,@6qqfz,1577,@99sm4
2018-07-27 22:33:15,@6qqfz,1577,@8vwn1
2018-07-28 22:33:15,@6qqfz,1578,@7113b
2018-07-28 22:33:15,@6qqfz,1578,@26p4i
2018-07-28 22:33:15,@6qqfz,1578,@lcn7z
2018-07-28 22:33:15,@6qqfz,1578,@5syh9
2018-07-28 22:33:15,@6qqfz,1578,@99sm4
2018-07-28 22:33:15,@9bvyy,1580,@26p4i
2018-07-28 22:33:15,@9bvyy,1580,@6qqfz
2018-07-28 22:33:15,@rsniw,1581,@lcn7z
2018-07-28 22:33:15,@9bvyy,1582,@26p4i
2018-07-28 22:33:15,@9bvyy,1582,@8vwn1
2018-07-28 22:33:15,@9bvyy,1582,@58x4r
2018-07-28 22:33:15,@9bvyy,1582,@lcn7z
2018-07-28 22:33:15,@9bvyy,1582,@61bfq
2018-07-28 22:33:15,@9bvyy,1583,@8vwn1
2018-07-28 22:33:15,@7113b,1585,@58x4r
2018-07-28 22:33:15,@hrh6u,1587,@u2m9a
2018-07-28 22:33:15,@8vwn1,1589,@99sm4
2018-07-28 22:33:15,@8vwn1,1589,@fpg7q
2018-07-28 22:33:15,@8vwn1,1589,@9vkyy
2018-07-28 22:33:15,@8vwn1,1589,@0yyjn
2018-07-28 22:33:15,@u2m9a,1590,@cfw1r
2018-07-28 22:33:15,@rsniw,1591,@eg64d
2018-07-28 22:33:15,@rsniw,1591,@2s7bb
2018-07-28 22:33:15,@2s7bb,1593,@u2m9a
2018-07-28 22:33:15,@2s7bb,1593,@cfw1r
2018-07-28 22:33:15,@lcn7z,1594,@6qqfz
2018-07-28 22:33:15,@7113b,1595,@58x4r
2018-07-28 22:33:15,@7113b,1595,@5syh9
2018-07-28 22:33:15,@7113b,1595,@u2m9a
2018-07-28 22:33:15,@99sm4,1596,@hrh6u
2018-07-28 22:33:15,@99sm4,1596,@5syh9
2018-07-28 22:33:15,@99sm4,1596,@58x4r
2018-07-28 22:33:15,@u2m9a,1597,@5syh9
2018-07-28 22:33:15,@u2m9a,1597,@cfw1r
2018-07-28 22:33:15,@u2m9a,1597,@6qqfz
2018-07-28 22:33:15,@u2m9a,1597,@fpg7q
2018-07-28 22:33:15,@7113b,1599,@u2m9a
2018-07-28 22:33:15,@7113b,1599,@5syh9
2018-07-28 22:33:15,@58x4r,1602,@5syh9
2018-07-28 22:33:15,@58x4r,1602,@eg64d
2018-07-28 22:33:15,@58x4r,1602,@rsniw
2018-07-28 22:33:15,@7113b,1603,@5syh9
2018-07-28 22:33:15,@7113b,1603,@58x4r
2018-07-28 22:33:15,@eg64d,1604,@9bvyy
2018-07-28 22:33:15,@eg64d,1604,@58x4r
2018-07-28 22:33:15,@6qqfz,1605,@9bvyy
2018-07-28 22:33:15,@6qqfz,1605,@lcn7z
2018-07-28 22:33:15,@6qqfz,1605,@26p4i
2018-07-28 22:33:15,@6qqfz,1605,@8vwn1
2018-07-28 22:33:15,@6qqfz,1605,@7113b
2018-07-28 22:33:15,@9vkyy,1606,@rsniw
2018-07-28 22:33:15,@9vkyy,1606,@2s7bb
2018-07-29 22:33:15,@6qqfz,1608,@26p4i
2018-07-29 22:33:15,@6qqfz,1608,@9bvyy
2018-07-29 22:33:15,@6qqfz,1608,@lcn7z
2018-07-29 22:33:15,@6qqfz,1608,@7113b
2018-07-29 22:33:15,@7113b,1609,@58x4r
2018-07-29 22:33:15,@7113b,1609,@u2m9a
2018-07-29 22:33:15,@lcn7z,1611,@6qqfz
2018-07-29 22:33:15,@lcn7z,1611,@bp0nk
2018-07-29 22:33:15,@lcn7z,1611,@9vkyy
2018-07-29 22:33:15,@lcn7z,1611,@2s7bb
2018-07-29 22:33:15,@2s7bb,1612,@u2m9a
2018-07-29 22:33:15,@2s7bb,1612,@9vkyy
2018-07-29 22:33:15,@2s7bb,1612,@0yyjn
2018-07-29 22:33:15,@9bvyy,1613,@26p4i
2018-07-29 22:33:15,@lcn7z,1614,@bp0nk
2018-07-29 22:33:15,@lcn7z,1614,@6qqfz
2018-07-29 22:33:15,@lcn7z,1614,@2s7bb
2018-07-29 22:33:15,@0yyjn,1615,@9bvyy
2018-07-29 22:33:15,@5syh9,1616,@99sm4
2018-07-29 22:33:15,@5syh9,1616,@7113b
2018-07-29 22:33:15,@bp0nk,1617,@u2m9a
2018-07-29 22:33:15,@rsniw,1619,@lcn7z
2018-07-29 22:33:15,@9bvyy,1620,@61bfq
2018-07-29 22:33:15,@9bvyy,1620,@58x4r
2018-07-29 22:33:15,@9bvyy,1620,@26p4i
2018-07-29 22:33:15,@u2m9a,1621,@cfw1r
2018-07-29 22:33:15,@cfw1r,1622,@0yyjn
2018-07-29 22:33:15,@cfw1r,1622,@99sm4
2018-07-29 22:33:15,@cfw1r,1622,@61bfq
2018-07-29 22:33:15,@cfw1r,1622,@bp0nk
2018-07-29 22:33:15,@cfw1r,1622,@9vkyy
2018-07-29 22:33:15,@6qqfz,1623,@9bvyy
2018-07-29 22:33:15,@6qqfz,1623,@26p4i
2018-07-29 22:33:15,@cfw1r,1624,@61bfq
2018-07-29 22:33:15,@cfw1r,1624,@u2m9a
2018-07-29 22:33:15,@cfw1r,1624,@99sm4
2018-07-29 22:33:15,@9bvyy,1625,@58x4r
2018-07-29 22:33:15,@9bvyy,1625,@rsniw
2018-07-29 22:33:15,@9bvyy,1625,@8vwn1
2018-07-29 22:33:15,@9bvyy,1625,@26p4i
2018-07-29 22:33:15,@9bvyy,1625,@lcn7z
2018-07-29 22:33:15,@26p4i,1626,@58x4r
2018-07-29 22:33:15,@26p4i,1626,@u2m9a
2018-07-29 22:33:15,@26p4i,1626,@0yyjn
2018-07-29 22:33:15,@9vkyy,1629,@2s7bb
2018-07-29 22:33:15,@9vkyy,1629,@hrh6u
2018-07-29 22:33:15,@9vkyy,1629,@8vwn1
2018-07-29 22:33:15,@9vkyy,1629,@rsniw
2018-07-29 22:33:15,@9vkyy,1629,@99sm4
2018-07-29 22:33:15,@9vkyy,1629,@cfw1r
2018-07-29 22:33:15,@hrh6u,1630,@u2m9a
2018-07-29 22:33:15,@hrh6u,1630,@eg64d
2018-07-29 22:33:15,@hrh6u,1630,@58x4r
2018-07-29 22:33:15,@hrh6u,1630,@99sm4
2018-07-29 22:33:15,@eg64d,1631,@58x4r
2018-07-29 22:33:15,@eg64d,1631,@9bvyy
2018-07-29 22:33:15,@eg64d,1631,@2s7bb
2018-07-29 22:33:15,@9vkyy,1633,@99sm4
2018-07-29 22:33:15,@9vkyy,1633,@cfw1r
2018-07-29 22:33:15,@9vkyy,1633,@rsniw
2018-07-29 22:33:15,@9vkyy,1633,@8vwn1
2018-07-29 22:33:15,@9vkyy,1633,@hrh6u
2018-07-29 22:33:15,@9vkyy,1633,@2s7bb
2018-07-29 22:33:15,@7113b,1634,@u2m9a
2018-07-29 22:33:15,@bp0nk,1635,@99sm4
2018-07-29 22:33:15,@bp0nk,1635,@u2m9a
2018-07-29 22:33:15,@cfw1r,1637,@99sm4
2018-07-29 22:33:15,@cfw1r,1637,@9vkyy
2018-07-29 22:33:15,@cfw1r,1637,@u2m9a
2018-07-29 22:33:15,@cfw1r,1637,@61bfq
2018-07-29 22:33:15,@cfw1r,1637,@bp0nk
2018-07-30 22:33:15,@lcn7z,1638,@2s7bb
2018-07-30 22:33:15,@lcn7z,1638,@bp0nk
2018-07-30 22:33:15,@lcn7z,1638,@9vkyy
2018-07-30 22:33:15,@lcn7z,1638,@6qqfz
2018-07-30 22:33:15,@rsniw,1641,@eg64d
2018-07-30 22:33:15,@rsniw,1641,@lcn7z
2018-07-30 22:33:15,@rsniw,1641,@2s7bb
2018-07-30 22:33:15,@hrh6u,1644,@u2m9a
2018-07-30 22:33:15,@bp0nk,1645,@u2m9a
2018-07-30 22:33:15,@bp0nk,1645,@99sm4
2018-07-30 22:33:15,@26p4i,1646,@0yyjn
2018-07-30 22:33:15,@26p4i,1646,@58x4r
2018-07-30 22:33:15,@cfw1r,1649,@u2m9a
2018-07-30 22:33:15,@2s7bb,1650,@9vkyy
2018-07-30 22:33:15,@2s7bb,1652,@cfw1r
2018-07-30 22:33:15,@2s7bb,1652,@u2m9a
2018-07-30 22:33:15,@58x4r,1654,@eg64d
2018-07-30 22:33:15,@58x4r,1654,@5syh9
2018-07-30 22:33:15,@58x4r,1654,@hrh6u
2018-07-30 22:33:15,@99sm4,1657,@5syh9
2018-07-30 22:33:15,@58x4r,1658,@hrh6u
2018-07-30 22:33:15,@58x4r,1658,@5syh9
2018-07-30 22:33:15,@58x4r,1658,@eg64d
2018-07-30 22:33:15,@u2m9a,1659,@5syh9
2018-07-30 22:33:15,@u2m9a,1659,@fpg7q
2018-07-30 22:33:15,@u2m9a,1659,@cfw1r
2018-07-30 22:33:15,@9bvyy,1660,@26p4i
2018-07-30 22:33:15,@9bvyy,1660,@8vwn1
2018-07-30 22:33:15,@9bvyy,1660,@58x4r
2018-07-30 22:33:15,@61bfq,1661,@fpg7q
2018-07-30 22:33:15,@2s7bb,1662,@cfw1r
2018-07-30 22:33:15,@cfw1r,1663,@u2m9a
2018-07-30 22:33:15,@cfw1r,1663,@61bfq
2018-07-30 22:33:15,@cfw1r,1663,@0yyjn
2018-07-30 22:33:15,@cfw1r,1663,@bp0nk
2018-07-30 22:33:15,@cfw1r,1663,@99sm4
2018-07-30 22:33:15,@cfw1r,1663,@9vkyy
2018-07-30 22:33:15,@eg64d,1664,@2s7bb
2018-07-30 22:33:15,@eg64d,1664,@58x4r
2018-07-30 22:33:15,@0yyjn,1665,@99sm4
2018-07-30 22:33:15,@58x4r,1666,@hrh6u
2018-07-30 22:33:15,@58x4r,1666,@5syh9
2018-07-31 22:33:15,@fpg7q,1668,@u2m9a
2018-07-31 22:33:15,@fpg7q,1668,@bp0nk
2018-07-31 22:33:15,@fpg7q,1668,@hrh6u
2018-07-31 22:33:15,@8vwn1,1669,@99sm4
2018-07-31 22:33:15,@lcn7z,1670,@2s7bb
2018-07-31 22:33:15,@2s7bb,1673,@9vkyy
2018-07-31 22:33:15,@2s7bb,1673,@cfw1r
2018-07-31 22:33:15,@2s7bb,1673,@0yyjn
2018-07-31 22:33:15,@2s7bb,1673,@u2m9a
2018-07-31 22:33:15,@u2m9a,1674,@5syh9
2018-07-31 22:33:15,@u2m9a,1674,@fpg7q
2018-07-31 22:33:15,@0yyjn,1676,@99sm4
2018-07-31 22:33:15,@fpg7q,1677,@bp0nk
2018-07-31 22:33:15,@8vwn1,1678,@9vkyy
2018-07-31 22:33:15,@2s7bb,1681,@0yyjn
2018-07-31 22:33:15,@8vwn1,1682,@99sm4
2018-07-31 22:33:15,@8vwn1,1682,@fpg7q
2018-07-31 22:33:15,@8vwn1,1682,@0yyjn
2018-07-31 22:33:15,@8vwn1,1682,@9vkyy
2018-07-31 22:33:15,@rsniw,1684,@2s7bb
2018-07-31 22:33:15,@rsniw,1684,@lcn7z
2018-07-31 22:33:15,@fpg7q,1685,@bp0nk
2018-07-31 22:33:15,@fpg7q,1685,@u2m9a
2018-07-31 22:33:15,@9bvyy,1687,@8vwn1
2018-07-31 22:33:15,@u2m9a,1688,@cfw1r
2018-07-31 22:33:15,@u2m9a,1688,@fpg7q
2018-07-31 22:33:15,@rsniw,1689,@eg64d
2018-07-31 22:33:15,@2s7bb,1691,@u2m9a
2018-07-31 22:33:15,@2s7bb,1691,@9vkyy
2018-07-31 22:33:15,@2s7bb,1691,@0yyjn
2018-07-31 22:33:15,@2s7bb,1691,@cfw1r
2018-07-31 22:33:15,@61bfq,1692,@hrh6u
2018-07-31 22:33:15,@61bfq,1692,@5syh9
2018-07-31 22:33:15,@rsniw,1693,@eg64d
2018-07-31 22:33:15,@rsniw,1693,@2s7bb
2018-07-31 22:33:15,@rsniw,1693,@lcn7z
2018-07-31 22:33:15,@58x4r,1694,@rsniw
2018-07-31 22:33:15,@58x4r,1694,@5syh9
2018-07-31 22:33:15,@58x4r,1694,@eg64d
2018-07-31 22:33:15,@58x4r,1694,@hrh6u
2018-07-31 22:33:15,@26p4i,1695,@0yyjn
2018-07-31 22:33:15,@26p4i,1695,@u2m9a
2018-07-31 22:33:15,@26p4i,1695,@58x4r
2018-07-31 22:33:15,@fpg7q,1696,@hrh6u
2018-07-31 22:33:15,@fpg7q,1696,@bp0nk
2018-07-31 22:33:15,@6qqfz,1697,@8vwn1
2018-07-31 22:33:15,@6qqfz,1697,@99sm4
